antecedents,consequents,antecedent support,consequent support,support,confidence,lift,representativity,leverage,conviction,zhangs_metric,jaccard,certainty,kulczynski
frozenset({'petal_length_低'}),frozenset({'petal_width_低'}),0.3333333333333333,0.3333333333333333,0.3333333333333333,1.0,3.0,1.0,0.2222222222222222,inf,0.9999999999999999,1.0,1.0,1.0
"frozenset({'sepal_width_中', 'Iris-setosa'})","frozenset({'sepal_length_低', 'petal_width_低'})",0.10666666666666667,0.3,0.10666666666666667,1.0,3.3333333333333335,1.0,0.07466666666666667,inf,0.7835820895522388,0.35555555555555557,1.0,0.6777777777777778
"frozenset({'sepal_length_低', 'Iris-setosa', 'sepal_width_中'})",frozenset({'petal_width_低'}),0.10666666666666667,0.3333333333333333,0.10666666666666667,1.0,3.0,1.0,0.07111111111111112,inf,0.746268656716418,0.32000000000000006,1.0,0.66
"frozenset({'petal_width_中', 'petal_length_中', 'sepal_length_中'})",frozenset({'Iris-versicolor'}),0.20666666666666667,0.3333333333333333,0.20666666666666667,1.0,3.0,1.0,0.13777777777777778,inf,0.8403361344537815,0.6199999999999999,1.0,0.81
"frozenset({'sepal_width_中', 'Iris-setosa', 'petal_width_低'})",frozenset({'sepal_length_低'}),0.10666666666666667,0.3466666666666667,0.10666666666666667,1.0,2.8846153846153846,1.0,0.06968888888888888,inf,0.7313432835820894,0.3076923076923077,1.0,0.6538461538461539
"frozenset({'sepal_width_中', 'sepal_length_低', 'petal_width_低'})",frozenset({'Iris-setosa'}),0.10666666666666667,0.3333333333333333,0.10666666666666667,1.0,3.0,1.0,0.07111111111111112,inf,0.746268656716418,0.32000000000000006,1.0,0.66
"frozenset({'sepal_length_高', 'Iris-virginica'})",frozenset({'petal_length_高'}),0.20666666666666667,0.30666666666666664,0.20666666666666667,1.0,3.2608695652173916,1.0,0.1432888888888889,inf,0.8739495798319329,0.6739130434782609,1.0,0.8369565217391304
"frozenset({'sepal_width_中', 'petal_length_低'})",frozenset({'sepal_length_低'}),0.10666666666666667,0.3466666666666667,0.10666666666666667,1.0,2.8846153846153846,1.0,0.06968888888888888,inf,0.7313432835820894,0.3076923076923077,1.0,0.6538461538461539
"frozenset({'sepal_width_中', 'petal_width_低'})",frozenset({'sepal_length_低'}),0.10666666666666667,0.3466666666666667,0.10666666666666667,1.0,2.8846153846153846,1.0,0.06968888888888888,inf,0.7313432835820894,0.3076923076923077,1.0,0.6538461538461539
"frozenset({'sepal_length_高', 'petal_width_高', 'Iris-virginica'})",frozenset({'petal_length_高'}),0.2,0.30666666666666664,0.2,1.0,3.2608695652173916,1.0,0.1386666666666667,inf,0.8666666666666666,0.6521739130434785,1.0,0.8260869565217392
"frozenset({'sepal_width_中', 'Iris-setosa'})",frozenset({'sepal_length_低'}),0.10666666666666667,0.3466666666666667,0.10666666666666667,1.0,2.8846153846153846,1.0,0.06968888888888888,inf,0.7313432835820894,0.3076923076923077,1.0,0.6538461538461539
"frozenset({'sepal_width_中', 'petal_length_低'})","frozenset({'sepal_length_低', 'petal_width_低'})",0.10666666666666667,0.3,0.10666666666666667,1.0,3.3333333333333335,1.0,0.07466666666666667,inf,0.7835820895522388,0.35555555555555557,1.0,0.6777777777777778
"frozenset({'sepal_width_中', 'petal_width_低'})","frozenset({'sepal_length_低', 'petal_length_低'})",0.10666666666666667,0.3,0.10666666666666667,1.0,3.3333333333333335,1.0,0.07466666666666667,inf,0.7835820895522388,0.35555555555555557,1.0,0.6777777777777778
"frozenset({'sepal_length_低', 'sepal_width_高'})",frozenset({'petal_length_低'}),0.18,0.3333333333333333,0.18,1.0,3.0,1.0,0.12,inf,0.8130081300813007,0.54,1.0,0.77
"frozenset({'sepal_length_低', 'petal_length_低', 'sepal_width_中'})",frozenset({'petal_width_低'}),0.10666666666666667,0.3333333333333333,0.10666666666666667,1.0,3.0,1.0,0.07111111111111112,inf,0.746268656716418,0.32000000000000006,1.0,0.66
"frozenset({'sepal_length_低', 'sepal_width_高'})",frozenset({'Iris-setosa'}),0.18,0.3333333333333333,0.18,1.0,3.0,1.0,0.12,inf,0.8130081300813007,0.54,1.0,0.77
"frozenset({'sepal_width_中', 'petal_length_低', 'petal_width_低'})",frozenset({'sepal_length_低'}),0.10666666666666667,0.3466666666666667,0.10666666666666667,1.0,2.8846153846153846,1.0,0.06968888888888888,inf,0.7313432835820894,0.3076923076923077,1.0,0.6538461538461539
"frozenset({'sepal_length_低', 'Iris-setosa', 'sepal_width_高'})",frozenset({'petal_length_低'}),0.18,0.3333333333333333,0.18,1.0,3.0,1.0,0.12,inf,0.8130081300813007,0.54,1.0,0.77
"frozenset({'sepal_length_低', 'petal_length_低', 'sepal_width_高'})",frozenset({'Iris-setosa'}),0.18,0.3333333333333333,0.18,1.0,3.0,1.0,0.12,inf,0.8130081300813007,0.54,1.0,0.77
"frozenset({'sepal_length_高', 'petal_width_高'})",frozenset({'petal_length_高'}),0.20666666666666667,0.30666666666666664,0.20666666666666667,1.0,3.2608695652173916,1.0,0.1432888888888889,inf,0.8739495798319329,0.6739130434782609,1.0,0.8369565217391304
"frozenset({'sepal_width_中', 'petal_length_低'})",frozenset({'petal_width_低'}),0.10666666666666667,0.3333333333333333,0.10666666666666667,1.0,3.0,1.0,0.07111111111111112,inf,0.746268656716418,0.32000000000000006,1.0,0.66
"frozenset({'sepal_width_中', 'Iris-setosa', 'petal_width_低'})",frozenset({'petal_length_低'}),0.10666666666666667,0.3333333333333333,0.10666666666666667,1.0,3.0,1.0,0.07111111111111112,inf,0.746268656716418,0.32000000000000006,1.0,0.66
"frozenset({'sepal_width_中', 'petal_width_低'})",frozenset({'petal_length_低'}),0.10666666666666667,0.3333333333333333,0.10666666666666667,1.0,3.0,1.0,0.07111111111111112,inf,0.746268656716418,0.32000000000000006,1.0,0.66
"frozenset({'Iris-setosa', 'sepal_width_高'})",frozenset({'petal_width_低'}),0.21333333333333335,0.3333333333333333,0.21333333333333335,1.0,3.0,1.0,0.14222222222222225,inf,0.8474576271186441,0.6400000000000002,1.0,0.8200000000000001
"frozenset({'petal_width_低', 'sepal_width_高'})",frozenset({'Iris-setosa'}),0.21333333333333335,0.3333333333333333,0.21333333333333335,1.0,3.0,1.0,0.14222222222222225,inf,0.8474576271186441,0.6400000000000002,1.0,0.8200000000000001
"frozenset({'sepal_width_中', 'petal_length_低'})","frozenset({'sepal_length_低', 'Iris-setosa'})",0.10666666666666667,0.3,0.10666666666666667,1.0,3.3333333333333335,1.0,0.07466666666666667,inf,0.7835820895522388,0.35555555555555557,1.0,0.6777777777777778
"frozenset({'Iris-setosa', 'petal_length_低', 'sepal_width_高'})",frozenset({'petal_width_低'}),0.21333333333333335,0.3333333333333333,0.21333333333333335,1.0,3.0,1.0,0.14222222222222225,inf,0.8474576271186441,0.6400000000000002,1.0,0.8200000000000001
"frozenset({'Iris-setosa', 'petal_width_低', 'sepal_width_高'})",frozenset({'petal_length_低'}),0.21333333333333335,0.3333333333333333,0.21333333333333335,1.0,3.0,1.0,0.14222222222222225,inf,0.8474576271186441,0.6400000000000002,1.0,0.8200000000000001
"frozenset({'petal_length_低', 'petal_width_低', 'sepal_width_高'})",frozenset({'Iris-setosa'}),0.21333333333333335,0.3333333333333333,0.21333333333333335,1.0,3.0,1.0,0.14222222222222225,inf,0.8474576271186441,0.6400000000000002,1.0,0.8200000000000001
"frozenset({'Iris-setosa', 'sepal_width_高'})","frozenset({'petal_length_低', 'petal_width_低'})",0.21333333333333335,0.3333333333333333,0.21333333333333335,1.0,3.0,1.0,0.14222222222222225,inf,0.8474576271186441,0.6400000000000002,1.0,0.8200000000000001
"frozenset({'petal_length_低', 'sepal_width_高'})","frozenset({'Iris-setosa', 'petal_width_低'})",0.21333333333333335,0.3333333333333333,0.21333333333333335,1.0,3.0,1.0,0.14222222222222225,inf,0.8474576271186441,0.6400000000000002,1.0,0.8200000000000001
"frozenset({'petal_width_低', 'sepal_width_高'})","frozenset({'Iris-setosa', 'petal_length_低'})",0.21333333333333335,0.3333333333333333,0.21333333333333335,1.0,3.0,1.0,0.14222222222222225,inf,0.8474576271186441,0.6400000000000002,1.0,0.8200000000000001
"frozenset({'sepal_width_中', 'Iris-setosa'})","frozenset({'sepal_length_低', 'petal_length_低'})",0.10666666666666667,0.3,0.10666666666666667,1.0,3.3333333333333335,1.0,0.07466666666666667,inf,0.7835820895522388,0.35555555555555557,1.0,0.6777777777777778
"frozenset({'petal_length_低', 'sepal_width_高'})",frozenset({'petal_width_低'}),0.21333333333333335,0.3333333333333333,0.21333333333333335,1.0,3.0,1.0,0.14222222222222225,inf,0.8474576271186441,0.6400000000000002,1.0,0.8200000000000001
"frozenset({'petal_width_低', 'sepal_width_高'})",frozenset({'petal_length_低'}),0.21333333333333335,0.3333333333333333,0.21333333333333335,1.0,3.0,1.0,0.14222222222222225,inf,0.8474576271186441,0.6400000000000002,1.0,0.8200000000000001
"frozenset({'Iris-setosa', 'sepal_width_高'})",frozenset({'petal_length_低'}),0.21333333333333335,0.3333333333333333,0.21333333333333335,1.0,3.0,1.0,0.14222222222222225,inf,0.8474576271186441,0.6400000000000002,1.0,0.8200000000000001
"frozenset({'petal_length_低', 'sepal_width_高'})",frozenset({'Iris-setosa'}),0.21333333333333335,0.3333333333333333,0.21333333333333335,1.0,3.0,1.0,0.14222222222222225,inf,0.8474576271186441,0.6400000000000002,1.0,0.8200000000000001
"frozenset({'sepal_width_中', 'Iris-setosa', 'petal_length_低'})",frozenset({'sepal_length_低'}),0.10666666666666667,0.3466666666666667,0.10666666666666667,1.0,2.8846153846153846,1.0,0.06968888888888888,inf,0.7313432835820894,0.3076923076923077,1.0,0.6538461538461539
"frozenset({'sepal_length_低', 'petal_length_低', 'sepal_width_中'})",frozenset({'Iris-setosa'}),0.10666666666666667,0.3333333333333333,0.10666666666666667,1.0,3.0,1.0,0.07111111111111112,inf,0.746268656716418,0.32000000000000006,1.0,0.66
"frozenset({'sepal_length_低', 'Iris-setosa', 'sepal_width_中'})",frozenset({'petal_length_低'}),0.10666666666666667,0.3333333333333333,0.10666666666666667,1.0,3.0,1.0,0.07111111111111112,inf,0.746268656716418,0.32000000000000006,1.0,0.66
"frozenset({'sepal_width_中', 'sepal_length_低', 'petal_width_低'})",frozenset({'petal_length_低'}),0.10666666666666667,0.3333333333333333,0.10666666666666667,1.0,3.0,1.0,0.07111111111111112,inf,0.746268656716418,0.32000000000000006,1.0,0.66
"frozenset({'sepal_length_低', 'sepal_width_高'})","frozenset({'Iris-setosa', 'petal_length_低'})",0.18,0.3333333333333333,0.18,1.0,3.0,1.0,0.12,inf,0.8130081300813007,0.54,1.0,0.77
"frozenset({'sepal_width_中', 'petal_width_低'})",frozenset({'Iris-setosa'}),0.10666666666666667,0.3333333333333333,0.10666666666666667,1.0,3.0,1.0,0.07111111111111112,inf,0.746268656716418,0.32000000000000006,1.0,0.66
"frozenset({'sepal_width_中', 'Iris-setosa'})",frozenset({'petal_width_低'}),0.10666666666666667,0.3333333333333333,0.10666666666666667,1.0,3.0,1.0,0.07111111111111112,inf,0.746268656716418,0.32000000000000006,1.0,0.66
"frozenset({'sepal_width_中', 'Iris-setosa', 'petal_length_低', 'sepal_length_低'})",frozenset({'petal_width_低'}),0.10666666666666667,0.3333333333333333,0.10666666666666667,1.0,3.0,1.0,0.07111111111111112,inf,0.746268656716418,0.32000000000000006,1.0,0.66
"frozenset({'sepal_width_中', 'Iris-setosa', 'petal_length_低', 'petal_width_低'})",frozenset({'sepal_length_低'}),0.10666666666666667,0.3466666666666667,0.10666666666666667,1.0,2.8846153846153846,1.0,0.06968888888888888,inf,0.7313432835820894,0.3076923076923077,1.0,0.6538461538461539
"frozenset({'sepal_length_低', 'sepal_width_高'})",frozenset({'petal_width_低'}),0.18,0.3333333333333333,0.18,1.0,3.0,1.0,0.12,inf,0.8130081300813007,0.54,1.0,0.77
"frozenset({'sepal_width_中', 'petal_length_低', 'petal_width_低', 'sepal_length_低'})",frozenset({'Iris-setosa'}),0.10666666666666667,0.3333333333333333,0.10666666666666667,1.0,3.0,1.0,0.07111111111111112,inf,0.746268656716418,0.32000000000000006,1.0,0.66
"frozenset({'sepal_length_低', 'petal_length_低', 'sepal_width_高'})",frozenset({'petal_width_低'}),0.18,0.3333333333333333,0.18,1.0,3.0,1.0,0.12,inf,0.8130081300813007,0.54,1.0,0.77
"frozenset({'sepal_length_低', 'petal_width_低', 'sepal_width_高'})",frozenset({'petal_length_低'}),0.18,0.3333333333333333,0.18,1.0,3.0,1.0,0.12,inf,0.8130081300813007,0.54,1.0,0.77
"frozenset({'sepal_width_中', 'Iris-setosa', 'petal_width_低', 'sepal_length_低'})",frozenset({'petal_length_低'}),0.10666666666666667,0.3333333333333333,0.10666666666666667,1.0,3.0,1.0,0.07111111111111112,inf,0.746268656716418,0.32000000000000006,1.0,0.66
"frozenset({'sepal_length_低', 'sepal_width_高'})","frozenset({'petal_length_低', 'petal_width_低'})",0.18,0.3333333333333333,0.18,1.0,3.0,1.0,0.12,inf,0.8130081300813007,0.54,1.0,0.77
"frozenset({'sepal_width_中', 'petal_length_低'})",frozenset({'Iris-setosa'}),0.10666666666666667,0.3333333333333333,0.10666666666666667,1.0,3.0,1.0,0.07111111111111112,inf,0.746268656716418,0.32000000000000006,1.0,0.66
"frozenset({'sepal_width_中', 'Iris-setosa'})",frozenset({'petal_length_低'}),0.10666666666666667,0.3333333333333333,0.10666666666666667,1.0,3.0,1.0,0.07111111111111112,inf,0.746268656716418,0.32000000000000006,1.0,0.66
"frozenset({'Iris-versicolor', 'sepal_length_中', 'sepal_width_低'})",frozenset({'petal_width_中'}),0.16666666666666666,0.3466666666666667,0.16666666666666666,1.0,2.8846153846153846,1.0,0.10888888888888888,inf,0.7839999999999999,0.4807692307692307,1.0,0.7403846153846154
"frozenset({'petal_width_中', 'petal_length_中', 'sepal_length_中', 'sepal_width_低'})",frozenset({'Iris-versicolor'}),0.16,0.3333333333333333,0.16,1.0,3.0,1.0,0.10666666666666667,inf,0.7936507936507937,0.4800000000000001,1.0,0.74
"frozenset({'sepal_width_中', 'petal_width_高', 'sepal_length_高', 'Iris-virginica'})",frozenset({'petal_length_高'}),0.11333333333333333,0.30666666666666664,0.11333333333333333,1.0,3.2608695652173916,1.0,0.07857777777777777,inf,0.7819548872180451,0.3695652173913044,1.0,0.6847826086956522
"frozenset({'Iris-versicolor', 'petal_length_中', 'sepal_length_中', 'sepal_width_低'})",frozenset({'petal_width_中'}),0.16,0.3466666666666667,0.16,1.0,2.8846153846153846,1.0,0.10453333333333334,inf,0.7777777777777779,0.4615384615384615,1.0,0.7307692307692307
"frozenset({'petal_width_高', 'sepal_width_低'})",frozenset({'Iris-virginica'}),0.12,0.3333333333333333,0.12,1.0,3.0,1.0,0.08,inf,0.7575757575757576,0.36,1.0,0.6799999999999999
"frozenset({'sepal_length_高', 'sepal_width_中', 'Iris-virginica'})",frozenset({'petal_length_高'}),0.12,0.30666666666666664,0.12,1.0,3.2608695652173916,1.0,0.0832,inf,0.7878787878787878,0.391304347826087,1.0,0.6956521739130435
"frozenset({'sepal_length_高', 'petal_width_高', 'sepal_width_中'})",frozenset({'petal_length_高'}),0.12,0.30666666666666664,0.12,1.0,3.2608695652173916,1.0,0.0832,inf,0.7878787878787878,0.391304347826087,1.0,0.6956521739130435
"frozenset({'sepal_length_低', 'sepal_width_高'})","frozenset({'Iris-setosa', 'petal_width_低'})",0.18,0.3333333333333333,0.18,1.0,3.0,1.0,0.12,inf,0.8130081300813007,0.54,1.0,0.77
"frozenset({'sepal_width_中', 'petal_width_低', 'sepal_length_低'})","frozenset({'Iris-setosa', 'petal_length_低'})",0.10666666666666667,0.3333333333333333,0.10666666666666667,1.0,3.0,1.0,0.07111111111111112,inf,0.746268656716418,0.32000000000000006,1.0,0.66
"frozenset({'sepal_length_低', 'petal_width_低', 'sepal_width_高'})",frozenset({'Iris-setosa'}),0.18,0.3333333333333333,0.18,1.0,3.0,1.0,0.12,inf,0.8130081300813007,0.54,1.0,0.77
"frozenset({'sepal_length_低', 'Iris-setosa', 'sepal_width_高'})","frozenset({'petal_length_低', 'petal_width_低'})",0.18,0.3333333333333333,0.18,1.0,3.0,1.0,0.12,inf,0.8130081300813007,0.54,1.0,0.77
"frozenset({'sepal_length_低', 'Iris-setosa', 'petal_width_低', 'sepal_width_高'})",frozenset({'petal_length_低'}),0.18,0.3333333333333333,0.18,1.0,3.0,1.0,0.12,inf,0.8130081300813007,0.54,1.0,0.77
"frozenset({'sepal_length_低', 'petal_length_低', 'petal_width_低', 'sepal_width_高'})",frozenset({'Iris-setosa'}),0.18,0.3333333333333333,0.18,1.0,3.0,1.0,0.12,inf,0.8130081300813007,0.54,1.0,0.77
"frozenset({'sepal_width_中', 'petal_length_低'})","frozenset({'sepal_length_低', 'Iris-setosa', 'petal_width_低'})",0.10666666666666667,0.3,0.10666666666666667,1.0,3.3333333333333335,1.0,0.07466666666666667,inf,0.7835820895522388,0.35555555555555557,1.0,0.6777777777777778
"frozenset({'sepal_length_低', 'Iris-setosa', 'petal_length_低', 'sepal_width_高'})",frozenset({'petal_width_低'}),0.18,0.3333333333333333,0.18,1.0,3.0,1.0,0.12,inf,0.8130081300813007,0.54,1.0,0.77
"frozenset({'sepal_length_低', 'petal_width_低', 'sepal_width_高'})","frozenset({'Iris-setosa', 'petal_length_低'})",0.18,0.3333333333333333,0.18,1.0,3.0,1.0,0.12,inf,0.8130081300813007,0.54,1.0,0.77
"frozenset({'sepal_width_中', 'Iris-setosa'})","frozenset({'sepal_length_低', 'petal_length_低', 'petal_width_低'})",0.10666666666666667,0.3,0.10666666666666667,1.0,3.3333333333333335,1.0,0.07466666666666667,inf,0.7835820895522388,0.35555555555555557,1.0,0.6777777777777778
frozenset({'petal_width_低'}),frozenset({'petal_length_低'}),0.3333333333333333,0.3333333333333333,0.3333333333333333,1.0,3.0,1.0,0.2222222222222222,inf,0.9999999999999999,1.0,1.0,1.0
"frozenset({'sepal_length_低', 'petal_length_低', 'sepal_width_高'})","frozenset({'Iris-setosa', 'petal_width_低'})",0.18,0.3333333333333333,0.18,1.0,3.0,1.0,0.12,inf,0.8130081300813007,0.54,1.0,0.77
"frozenset({'sepal_length_低', 'Iris-setosa', 'sepal_width_高'})",frozenset({'petal_width_低'}),0.18,0.3333333333333333,0.18,1.0,3.0,1.0,0.12,inf,0.8130081300813007,0.54,1.0,0.77
"frozenset({'sepal_width_中', 'petal_width_低'})","frozenset({'sepal_length_低', 'Iris-setosa', 'petal_length_低'})",0.10666666666666667,0.3,0.10666666666666667,1.0,3.3333333333333335,1.0,0.07466666666666667,inf,0.7835820895522388,0.35555555555555557,1.0,0.6777777777777778
"frozenset({'sepal_length_低', 'sepal_width_高'})","frozenset({'Iris-setosa', 'petal_length_低', 'petal_width_低'})",0.18,0.3333333333333333,0.18,1.0,3.0,1.0,0.12,inf,0.8130081300813007,0.54,1.0,0.77
"frozenset({'sepal_width_中', 'Iris-setosa', 'petal_length_低'})","frozenset({'sepal_length_低', 'petal_width_低'})",0.10666666666666667,0.3,0.10666666666666667,1.0,3.3333333333333335,1.0,0.07466666666666667,inf,0.7835820895522388,0.35555555555555557,1.0,0.6777777777777778
"frozenset({'sepal_width_中', 'petal_length_低', 'sepal_length_低'})","frozenset({'Iris-setosa', 'petal_width_低'})",0.10666666666666667,0.3333333333333333,0.10666666666666667,1.0,3.0,1.0,0.07111111111111112,inf,0.746268656716418,0.32000000000000006,1.0,0.66
"frozenset({'sepal_width_中', 'Iris-setosa', 'sepal_length_低'})","frozenset({'petal_length_低', 'petal_width_低'})",0.10666666666666667,0.3333333333333333,0.10666666666666667,1.0,3.0,1.0,0.07111111111111112,inf,0.746268656716418,0.32000000000000006,1.0,0.66
"frozenset({'sepal_width_中', 'petal_length_低', 'petal_width_低'})","frozenset({'sepal_length_低', 'Iris-setosa'})",0.10666666666666667,0.3,0.10666666666666667,1.0,3.3333333333333335,1.0,0.07466666666666667,inf,0.7835820895522388,0.35555555555555557,1.0,0.6777777777777778
"frozenset({'sepal_width_中', 'Iris-setosa', 'petal_width_低'})","frozenset({'sepal_length_低', 'petal_length_低'})",0.10666666666666667,0.3,0.10666666666666667,1.0,3.3333333333333335,1.0,0.07466666666666667,inf,0.7835820895522388,0.35555555555555557,1.0,0.6777777777777778
"frozenset({'sepal_width_中', 'Iris-setosa', 'petal_length_低'})",frozenset({'petal_width_低'}),0.10666666666666667,0.3333333333333333,0.10666666666666667,1.0,3.0,1.0,0.07111111111111112,inf,0.746268656716418,0.32000000000000006,1.0,0.66
"frozenset({'sepal_width_中', 'petal_width_低'})","frozenset({'sepal_length_低', 'Iris-setosa'})",0.10666666666666667,0.3,0.10666666666666667,1.0,3.3333333333333335,1.0,0.07466666666666667,inf,0.7835820895522388,0.35555555555555557,1.0,0.6777777777777778
frozenset({'petal_length_低'}),frozenset({'Iris-setosa'}),0.3333333333333333,0.3333333333333333,0.3333333333333333,1.0,3.0,1.0,0.2222222222222222,inf,0.9999999999999999,1.0,1.0,1.0
"frozenset({'sepal_length_低', 'Iris-setosa', 'petal_length_低'})",frozenset({'petal_width_低'}),0.3,0.3333333333333333,0.3,1.0,3.0,1.0,0.2,inf,0.9523809523809524,0.9,1.0,0.95
"frozenset({'sepal_length_低', 'petal_length_低', 'petal_width_低'})",frozenset({'Iris-setosa'}),0.3,0.3333333333333333,0.3,1.0,3.0,1.0,0.2,inf,0.9523809523809524,0.9,1.0,0.95
"frozenset({'petal_length_低', 'petal_width_低'})",frozenset({'Iris-setosa'}),0.3333333333333333,0.3333333333333333,0.3333333333333333,1.0,3.0,1.0,0.2222222222222222,inf,0.9999999999999999,1.0,1.0,1.0
"frozenset({'sepal_length_低', 'Iris-setosa'})","frozenset({'petal_length_低', 'petal_width_低'})",0.3,0.3333333333333333,0.3,1.0,3.0,1.0,0.2,inf,0.9523809523809524,0.9,1.0,0.95
frozenset({'petal_width_低'}),frozenset({'Iris-setosa'}),0.3333333333333333,0.3333333333333333,0.3333333333333333,1.0,3.0,1.0,0.2222222222222222,inf,0.9999999999999999,1.0,1.0,1.0
"frozenset({'sepal_length_低', 'petal_width_低'})",frozenset({'petal_length_低'}),0.3,0.3333333333333333,0.3,1.0,3.0,1.0,0.2,inf,0.9523809523809524,0.9,1.0,0.95
"frozenset({'sepal_length_低', 'petal_length_低'})",frozenset({'petal_width_低'}),0.3,0.3333333333333333,0.3,1.0,3.0,1.0,0.2,inf,0.9523809523809524,0.9,1.0,0.95
frozenset({'Iris-setosa'}),"frozenset({'petal_length_低', 'petal_width_低'})",0.3333333333333333,0.3333333333333333,0.3333333333333333,1.0,3.0,1.0,0.2222222222222222,inf,0.9999999999999999,1.0,1.0,1.0
frozenset({'petal_length_低'}),"frozenset({'Iris-setosa', 'petal_width_低'})",0.3333333333333333,0.3333333333333333,0.3333333333333333,1.0,3.0,1.0,0.2222222222222222,inf,0.9999999999999999,1.0,1.0,1.0
frozenset({'petal_width_低'}),"frozenset({'Iris-setosa', 'petal_length_低'})",0.3333333333333333,0.3333333333333333,0.3333333333333333,1.0,3.0,1.0,0.2222222222222222,inf,0.9999999999999999,1.0,1.0,1.0
"frozenset({'sepal_length_低', 'petal_length_低'})","frozenset({'Iris-setosa', 'petal_width_低'})",0.3,0.3333333333333333,0.3,1.0,3.0,1.0,0.2,inf,0.9523809523809524,0.9,1.0,0.95
"frozenset({'sepal_length_低', 'petal_width_低'})",frozenset({'Iris-setosa'}),0.3,0.3333333333333333,0.3,1.0,3.0,1.0,0.2,inf,0.9523809523809524,0.9,1.0,0.95
"frozenset({'sepal_length_低', 'Iris-setosa'})",frozenset({'petal_width_低'}),0.3,0.3333333333333333,0.3,1.0,3.0,1.0,0.2,inf,0.9523809523809524,0.9,1.0,0.95
"frozenset({'sepal_length_低', 'petal_width_低'})","frozenset({'Iris-setosa', 'petal_length_低'})",0.3,0.3333333333333333,0.3,1.0,3.0,1.0,0.2,inf,0.9523809523809524,0.9,1.0,0.95
"frozenset({'sepal_width_中', 'petal_width_低'})","frozenset({'Iris-setosa', 'petal_length_低'})",0.10666666666666667,0.3333333333333333,0.10666666666666667,1.0,3.0,1.0,0.07111111111111112,inf,0.746268656716418,0.32000000000000006,1.0,0.66
"frozenset({'sepal_width_中', 'petal_length_低'})","frozenset({'Iris-setosa', 'petal_width_低'})",0.10666666666666667,0.3333333333333333,0.10666666666666667,1.0,3.0,1.0,0.07111111111111112,inf,0.746268656716418,0.32000000000000006,1.0,0.66
"frozenset({'sepal_width_中', 'Iris-setosa'})","frozenset({'petal_length_低', 'petal_width_低'})",0.10666666666666667,0.3333333333333333,0.10666666666666667,1.0,3.0,1.0,0.07111111111111112,inf,0.746268656716418,0.32000000000000006,1.0,0.66
frozenset({'Iris-setosa'}),frozenset({'petal_length_低'}),0.3333333333333333,0.3333333333333333,0.3333333333333333,1.0,3.0,1.0,0.2222222222222222,inf,0.9999999999999999,1.0,1.0,1.0
"frozenset({'Iris-versicolor', 'sepal_width_低'})",frozenset({'petal_width_中'}),0.22666666666666666,0.3466666666666667,0.22666666666666666,1.0,2.8846153846153846,1.0,0.14808888888888888,inf,0.8448275862068966,0.6538461538461537,1.0,0.8269230769230769
"frozenset({'sepal_width_中', 'petal_length_低', 'petal_width_低'})",frozenset({'Iris-setosa'}),0.10666666666666667,0.3333333333333333,0.10666666666666667,1.0,3.0,1.0,0.07111111111111112,inf,0.746268656716418,0.32000000000000006,1.0,0.66
"frozenset({'Iris-setosa', 'petal_width_低'})",frozenset({'petal_length_低'}),0.3333333333333333,0.3333333333333333,0.3333333333333333,1.0,3.0,1.0,0.2222222222222222,inf,0.9999999999999999,1.0,1.0,1.0
"frozenset({'petal_width_中', 'petal_length_中', 'sepal_width_低'})",frozenset({'Iris-versicolor'}),0.22,0.3333333333333333,0.22,1.0,3.0,1.0,0.14666666666666667,inf,0.8547008547008547,0.6599999999999999,1.0,0.8300000000000001
frozenset({'Iris-setosa'}),frozenset({'petal_width_低'}),0.3333333333333333,0.3333333333333333,0.3333333333333333,1.0,3.0,1.0,0.2222222222222222,inf,0.9999999999999999,1.0,1.0,1.0
"frozenset({'Iris-setosa', 'petal_length_低'})",frozenset({'petal_width_低'}),0.3333333333333333,0.3333333333333333,0.3333333333333333,1.0,3.0,1.0,0.2222222222222222,inf,0.9999999999999999,1.0,1.0,1.0
"frozenset({'sepal_length_低', 'petal_length_低'})",frozenset({'Iris-setosa'}),0.3,0.3333333333333333,0.3,1.0,3.0,1.0,0.2,inf,0.9523809523809524,0.9,1.0,0.95
"frozenset({'sepal_length_低', 'Iris-setosa'})",frozenset({'petal_length_低'}),0.3,0.3333333333333333,0.3,1.0,3.0,1.0,0.2,inf,0.9523809523809524,0.9,1.0,0.95
"frozenset({'Iris-versicolor', 'petal_length_中', 'sepal_width_低'})",frozenset({'petal_width_中'}),0.22,0.3466666666666667,0.22,1.0,2.8846153846153846,1.0,0.14373333333333332,inf,0.8376068376068375,0.6346153846153846,1.0,0.8173076923076923
"frozenset({'petal_width_中', 'petal_length_中'})",frozenset({'Iris-versicolor'}),0.31333333333333335,0.3333333333333333,0.31333333333333335,1.0,3.0,1.0,0.2088888888888889,inf,0.970873786407767,0.94,1.0,0.97
"frozenset({'sepal_length_低', 'Iris-setosa', 'petal_width_低'})",frozenset({'petal_length_低'}),0.3,0.3333333333333333,0.3,1.0,3.0,1.0,0.2,inf,0.9523809523809524,0.9,1.0,0.95
"frozenset({'petal_width_中', 'Iris-versicolor'})",frozenset({'petal_length_中'}),0.32,0.36,0.31333333333333335,0.9791666666666667,2.719907407407408,1.0,0.19813333333333336,30.72000000000011,0.9299123904881103,0.8545454545454548,0.9674479166666667,0.9247685185185186
"frozenset({'Iris-versicolor', 'petal_length_中'})",frozenset({'petal_width_中'}),0.32,0.3466666666666667,0.31333333333333335,0.9791666666666667,2.824519230769231,1.0,0.20240000000000002,31.36000000000011,0.9499374217772217,0.8867924528301886,0.9681122448979593,0.9415064102564104
"frozenset({'petal_length_高', 'petal_width_高'})",frozenset({'Iris-virginica'}),0.2733333333333333,0.3333333333333333,0.26666666666666666,0.9756097560975611,2.9268292682926833,1.0,0.17555555555555558,27.333333333333435,0.9059633027522938,0.784313725490196,0.9634146341463414,0.8878048780487806
"frozenset({'Iris-versicolor', 'sepal_width_低'})","frozenset({'petal_width_中', 'petal_length_中'})",0.22666666666666666,0.31333333333333335,0.22,0.9705882352941178,3.097622027534418,1.0,0.14897777777777776,23.34666666666675,0.8756530825496343,0.6874999999999999,0.9571673329525987,0.8363579474342929
"frozenset({'Iris-versicolor', 'sepal_width_低'})",frozenset({'petal_length_中'}),0.22666666666666666,0.36,0.22,0.9705882352941178,2.696078431372549,1.0,0.13840000000000002,21.760000000000076,0.8134796238244516,0.6,0.954044117647059,0.7908496732026145
"frozenset({'petal_width_中', 'Iris-versicolor', 'sepal_width_低'})",frozenset({'petal_length_中'}),0.22666666666666666,0.36,0.22,0.9705882352941178,2.696078431372549,1.0,0.13840000000000002,21.760000000000076,0.8134796238244516,0.6,0.954044117647059,0.7908496732026145
"frozenset({'Iris-versicolor', 'sepal_length_中'})",frozenset({'petal_length_中'}),0.22,0.36,0.21333333333333335,0.9696969696969697,2.6936026936026938,1.0,0.13413333333333335,21.12000000000002,0.8060897435897436,0.581818181818182,0.9526515151515152,0.7811447811447811
"frozenset({'Iris-versicolor', 'sepal_length_中'})",frozenset({'petal_width_中'}),0.22,0.3466666666666667,0.21333333333333335,0.9696969696969697,2.797202797202797,1.0,0.13706666666666667,21.56000000000002,0.8237179487179487,0.6037735849056605,0.953617810760668,0.7925407925407926
"frozenset({'Iris-versicolor', 'petal_length_中', 'sepal_length_中'})",frozenset({'petal_width_中'}),0.21333333333333335,0.3466666666666667,0.20666666666666667,0.9687499999999999,2.7944711538461533,1.0,0.1327111111111111,20.90666666666659,0.8162930563149262,0.5849056603773584,0.9521683673469387,0.782451923076923
"frozenset({'petal_length_高', 'sepal_length_高'})",frozenset({'Iris-virginica'}),0.21333333333333335,0.3333333333333333,0.20666666666666667,0.9687499999999999,2.90625,1.0,0.13555555555555554,21.33333333333326,0.8337889557135046,0.607843137254902,0.9531249999999997,0.7943749999999999
"frozenset({'petal_width_中', 'Iris-versicolor', 'sepal_length_中'})",frozenset({'petal_length_中'}),0.21333333333333335,0.36,0.20666666666666667,0.9687499999999999,2.690972222222222,1.0,0.12986666666666666,20.47999999999993,0.7987971569163478,0.5636363636363636,0.9511718749999998,0.771412037037037
"frozenset({'petal_length_高', 'sepal_length_高'})",frozenset({'petal_width_高'}),0.21333333333333335,0.32,0.20666666666666667,0.9687499999999999,3.0273437499999996,1.0,0.1384,21.75999999999992,0.8512848551120832,0.6326530612244898,0.9540441176470588,0.8072916666666666
"frozenset({'sepal_length_高', 'petal_width_高'})",frozenset({'Iris-virginica'}),0.20666666666666667,0.3333333333333333,0.2,0.967741935483871,2.903225806451613,1.0,0.13111111111111112,20.666666666666686,0.8263305322128852,0.5882352941176471,0.9516129032258065,0.7838709677419355
"frozenset({'sepal_length_高', 'Iris-virginica'})","frozenset({'petal_length_高', 'petal_width_高'})",0.20666666666666667,0.2733333333333333,0.2,0.967741935483871,3.540519276160504,1.0,0.14351111111111112,22.52666666666669,0.9044817927170868,0.7142857142857144,0.9556081680970702,0.849724626278521
"frozenset({'petal_length_高', 'sepal_length_高', 'Iris-virginica'})",frozenset({'petal_width_高'}),0.20666666666666667,0.32,0.2,0.967741935483871,3.024193548387097,1.0,0.1338666666666667,21.080000000000016,0.8436974789915967,0.6122448979591838,0.9525616698292221,0.7963709677419355
"frozenset({'petal_length_高', 'sepal_length_高', 'petal_width_高'})",frozenset({'Iris-virginica'}),0.20666666666666667,0.3333333333333333,0.2,0.967741935483871,2.903225806451613,1.0,0.13111111111111112,20.666666666666686,0.8263305322128852,0.5882352941176471,0.9516129032258065,0.7838709677419355
"frozenset({'sepal_length_高', 'Iris-virginica'})",frozenset({'petal_width_高'}),0.20666666666666667,0.32,0.2,0.967741935483871,3.024193548387097,1.0,0.1338666666666667,21.080000000000016,0.8436974789915967,0.6122448979591838,0.9525616698292221,0.7963709677419355
"frozenset({'sepal_length_高', 'petal_width_高'})","frozenset({'petal_length_高', 'Iris-virginica'})",0.20666666666666667,0.29333333333333333,0.2,0.967741935483871,3.2991202346041058,1.0,0.1393777777777778,21.906666666666688,0.8784313725490197,0.6666666666666667,0.9543517954960439,0.8247800586510264
"frozenset({'Iris-versicolor', 'sepal_length_中', 'sepal_width_低'})",frozenset({'petal_length_中'}),0.16666666666666666,0.36,0.16,0.9600000000000001,2.666666666666667,1.0,0.1,16.000000000000032,0.75,0.43636363636363645,0.9375000000000001,0.7022222222222223
"frozenset({'petal_width_中', 'Iris-versicolor', 'sepal_length_中', 'sepal_width_低'})",frozenset({'petal_length_中'}),0.16666666666666666,0.36,0.16,0.9600000000000001,2.666666666666667,1.0,0.1,16.000000000000032,0.75,0.43636363636363645,0.9375000000000001,0.7022222222222223
"frozenset({'Iris-versicolor', 'sepal_length_中', 'sepal_width_低'})","frozenset({'petal_width_中', 'petal_length_中'})",0.16666666666666666,0.31333333333333335,0.16,0.9600000000000001,3.0638297872340425,1.0,0.10777777777777778,17.1666666666667,0.8083333333333333,0.5000000000000001,0.9417475728155341,0.7353191489361702
frozenset({'Iris-versicolor'}),frozenset({'petal_length_中'}),0.3333333333333333,0.36,0.32,0.9600000000000001,2.666666666666667,1.0,0.2,16.000000000000032,0.9374999999999999,0.8571428571428571,0.9375000000000001,0.9244444444444445
frozenset({'Iris-versicolor'}),frozenset({'petal_width_中'}),0.3333333333333333,0.3466666666666667,0.32,0.9600000000000001,2.769230769230769,1.0,0.20444444444444446,16.333333333333364,0.9583333333333331,0.8888888888888891,0.9387755102040818,0.9415384615384615
frozenset({'petal_width_高'}),frozenset({'Iris-virginica'}),0.32,0.3333333333333333,0.30666666666666664,0.9583333333333333,2.875,1.0,0.19999999999999998,15.999999999999973,0.9590792838874681,0.8846153846153845,0.9374999999999999,0.9391666666666666
frozenset({'petal_length_高'}),frozenset({'Iris-virginica'}),0.30666666666666664,0.3333333333333333,0.29333333333333333,0.9565217391304348,2.8695652173913047,1.0,0.19111111111111112,15.333333333333345,0.9396853146853147,0.8461538461538464,0.9347826086956522,0.9182608695652175
"frozenset({'sepal_width_中', 'Iris-virginica'})",frozenset({'petal_width_高'}),0.14,0.32,0.13333333333333333,0.9523809523809523,2.976190476190476,1.0,0.08853333333333332,14.279999999999983,0.7720930232558139,0.40816326530612246,0.9299719887955181,0.6845238095238095
"frozenset({'petal_length_高', 'sepal_width_中'})",frozenset({'Iris-virginica'}),0.13333333333333333,0.3333333333333333,0.12666666666666668,0.9500000000000001,2.8500000000000005,1.0,0.08222222222222224,13.333333333333353,0.7489878542510122,0.3725490196078432,0.9249999999999999,0.665
"frozenset({'petal_length_高', 'sepal_width_中'})",frozenset({'petal_width_高'}),0.13333333333333333,0.32,0.12666666666666668,0.9500000000000001,2.96875,1.0,0.08400000000000002,13.600000000000017,0.7651821862348179,0.38775510204081637,0.9264705882352944,0.6729166666666667
"frozenset({'petal_length_高', 'sepal_width_中'})",frozenset({'sepal_length_高'}),0.13333333333333333,0.28,0.12666666666666668,0.9500000000000001,3.392857142857143,1.0,0.08933333333333335,14.400000000000018,0.8137651821862348,0.4418604651162792,0.9305555555555557,0.7011904761904763
"frozenset({'petal_length_高', 'sepal_width_中', 'petal_width_高'})",frozenset({'Iris-virginica'}),0.12666666666666668,0.3333333333333333,0.12,0.9473684210526314,2.8421052631578942,1.0,0.07777777777777778,12.666666666666629,0.7421543681085666,0.35294117647058826,0.9210526315789471,0.6536842105263156
"frozenset({'petal_length_高', 'sepal_width_中', 'Iris-virginica'})",frozenset({'petal_width_高'}),0.12666666666666668,0.32,0.12,0.9473684210526314,2.960526315789473,1.0,0.07946666666666666,12.919999999999959,0.7582697201017812,0.3673469387755102,0.9226006191950462,0.6611842105263157
"frozenset({'petal_length_高', 'sepal_length_高', 'sepal_width_中'})",frozenset({'petal_width_高'}),0.12666666666666668,0.32,0.12,0.9473684210526314,2.960526315789473,1.0,0.07946666666666666,12.919999999999959,0.7582697201017812,0.3673469387755102,0.9226006191950462,0.6611842105263157
"frozenset({'petal_length_高', 'sepal_width_中', 'petal_width_高'})",frozenset({'sepal_length_高'}),0.12666666666666668,0.28,0.12,0.9473684210526314,3.3834586466165404,1.0,0.08453333333333332,13.679999999999957,0.8066157760814249,0.41860465116279055,0.9269005847953214,0.6879699248120299
"frozenset({'petal_length_高', 'sepal_length_高', 'sepal_width_中'})",frozenset({'Iris-virginica'}),0.12666666666666668,0.3333333333333333,0.12,0.9473684210526314,2.8421052631578942,1.0,0.07777777777777778,12.666666666666629,0.7421543681085666,0.35294117647058826,0.9210526315789471,0.6536842105263156
"frozenset({'petal_length_高', 'sepal_width_中', 'Iris-virginica'})",frozenset({'sepal_length_高'}),0.12666666666666668,0.28,0.12,0.9473684210526314,3.3834586466165404,1.0,0.08453333333333332,13.679999999999957,0.8066157760814249,0.41860465116279055,0.9269005847953214,0.6879699248120299
"frozenset({'sepal_length_高', 'sepal_width_中', 'Iris-virginica'})",frozenset({'petal_width_高'}),0.12,0.32,0.11333333333333333,0.9444444444444444,2.951388888888889,1.0,0.07493333333333332,12.239999999999993,0.7513368983957219,0.3469387755102041,0.9183006535947712,0.6493055555555556
"frozenset({'sepal_length_高', 'petal_width_高', 'sepal_width_中'})",frozenset({'Iris-virginica'}),0.12,0.3333333333333333,0.11333333333333333,0.9444444444444444,2.8333333333333335,1.0,0.07333333333333333,11.999999999999996,0.7352941176470589,0.33333333333333337,0.9166666666666666,0.6422222222222222
"frozenset({'petal_length_高', 'sepal_width_低'})",frozenset({'Iris-virginica'}),0.12,0.3333333333333333,0.11333333333333333,0.9444444444444444,2.8333333333333335,1.0,0.07333333333333333,11.999999999999996,0.7352941176470589,0.33333333333333337,0.9166666666666666,0.6422222222222222
"frozenset({'sepal_width_中', 'petal_width_高', 'sepal_length_高'})","frozenset({'petal_length_高', 'Iris-virginica'})",0.12,0.29333333333333333,0.11333333333333333,0.9444444444444444,3.2196969696969697,1.0,0.07813333333333333,12.719999999999994,0.7834224598930482,0.37777777777777777,0.9213836477987422,0.6654040404040404
"frozenset({'petal_length_高', 'sepal_width_中', 'petal_width_高', 'Iris-virginica'})",frozenset({'sepal_length_高'}),0.12,0.28,0.11333333333333333,0.9444444444444444,3.3730158730158726,1.0,0.07973333333333332,12.959999999999994,0.7994652406417112,0.3953488372093023,0.9228395061728395,0.6746031746031745
"frozenset({'petal_length_高', 'sepal_width_中', 'sepal_length_高', 'Iris-virginica'})",frozenset({'petal_width_高'}),0.12,0.32,0.11333333333333333,0.9444444444444444,2.951388888888889,1.0,0.07493333333333332,12.239999999999993,0.7513368983957219,0.3469387755102041,0.9183006535947712,0.6493055555555556
"frozenset({'sepal_width_中', 'sepal_length_高', 'Iris-virginica'})","frozenset({'petal_length_高', 'petal_width_高'})",0.12,0.2733333333333333,0.11333333333333333,0.9444444444444444,3.4552845528455287,1.0,0.08053333333333333,13.079999999999995,0.8074866310160428,0.40476190476190477,0.9235474006116208,0.6795392953929539
"frozenset({'petal_length_高', 'sepal_width_中', 'petal_width_高', 'sepal_length_高'})",frozenset({'Iris-virginica'}),0.12,0.3333333333333333,0.11333333333333333,0.9444444444444444,2.8333333333333335,1.0,0.07333333333333333,11.999999999999996,0.7352941176470589,0.33333333333333337,0.9166666666666666,0.6422222222222222
"frozenset({'sepal_length_低', 'sepal_width_中'})","frozenset({'Iris-setosa', 'petal_width_低'})",0.11333333333333333,0.3333333333333333,0.10666666666666667,0.9411764705882354,2.8235294117647065,1.0,0.0688888888888889,11.333333333333353,0.7283834586466166,0.3137254901960785,0.9117647058823529,0.6305882352941177
"frozenset({'sepal_length_低', 'sepal_width_中'})",frozenset({'petal_length_低'}),0.11333333333333333,0.3333333333333333,0.10666666666666667,0.9411764705882354,2.8235294117647065,1.0,0.0688888888888889,11.333333333333353,0.7283834586466166,0.3137254901960785,0.9117647058823529,0.6305882352941177
"frozenset({'sepal_length_低', 'sepal_width_中'})",frozenset({'Iris-setosa'}),0.11333333333333333,0.3333333333333333,0.10666666666666667,0.9411764705882354,2.8235294117647065,1.0,0.0688888888888889,11.333333333333353,0.7283834586466166,0.3137254901960785,0.9117647058823529,0.6305882352941177
"frozenset({'sepal_length_低', 'sepal_width_中'})","frozenset({'petal_length_低', 'petal_width_低'})",0.11333333333333333,0.3333333333333333,0.10666666666666667,0.9411764705882354,2.8235294117647065,1.0,0.0688888888888889,11.333333333333353,0.7283834586466166,0.3137254901960785,0.9117647058823529,0.6305882352941177
"frozenset({'sepal_length_低', 'sepal_width_中'})",frozenset({'petal_width_低'}),0.11333333333333333,0.3333333333333333,0.10666666666666667,0.9411764705882354,2.8235294117647065,1.0,0.0688888888888889,11.333333333333353,0.7283834586466166,0.3137254901960785,0.9117647058823529,0.6305882352941177
"frozenset({'sepal_length_低', 'sepal_width_中'})","frozenset({'Iris-setosa', 'petal_length_低'})",0.11333333333333333,0.3333333333333333,0.10666666666666667,0.9411764705882354,2.8235294117647065,1.0,0.0688888888888889,11.333333333333353,0.7283834586466166,0.3137254901960785,0.9117647058823529,0.6305882352941177
"frozenset({'sepal_width_中', 'sepal_length_低'})","frozenset({'Iris-setosa', 'petal_length_低', 'petal_width_低'})",0.11333333333333333,0.3333333333333333,0.10666666666666667,0.9411764705882354,2.8235294117647065,1.0,0.0688888888888889,11.333333333333353,0.7283834586466166,0.3137254901960785,0.9117647058823529,0.6305882352941177
frozenset({'Iris-versicolor'}),"frozenset({'petal_width_中', 'petal_length_中'})",0.3333333333333333,0.31333333333333335,0.31333333333333335,0.9400000000000001,3.0,1.0,0.2088888888888889,11.444444444444455,0.9999999999999999,0.94,0.912621359223301,0.97
"frozenset({'Iris-versicolor', 'sepal_length_中'})","frozenset({'petal_width_中', 'petal_length_中'})",0.22,0.31333333333333335,0.20666666666666667,0.9393939393939393,2.9980657640232105,1.0,0.13773333333333332,11.32999999999999,0.8544251447477252,0.6326530612244898,0.9117387466902029,0.7994842037395229
"frozenset({'petal_width_高', 'sepal_length_中'})",frozenset({'Iris-virginica'}),0.10666666666666667,0.3333333333333333,0.1,0.9375,2.8125,1.0,0.06444444444444444,10.666666666666668,0.7213930348258706,0.2941176470588236,0.90625,0.61875
"frozenset({'petal_length_高', 'sepal_length_高'})","frozenset({'petal_width_高', 'Iris-virginica'})",0.21333333333333335,0.30666666666666664,0.2,0.9375,3.0570652173913047,1.0,0.1345777777777778,11.093333333333334,0.8553672316384182,0.625,0.9098557692307693,0.7948369565217392
frozenset({'petal_width_中'}),frozenset({'Iris-versicolor'}),0.3466666666666667,0.3333333333333333,0.32,0.923076923076923,2.769230769230769,1.0,0.20444444444444446,8.66666666666666,0.9778911564625851,0.8888888888888891,0.8846153846153844,0.9415384615384615
frozenset({'Iris-virginica'}),frozenset({'petal_width_高'}),0.3333333333333333,0.32,0.30666666666666664,0.9199999999999999,2.8749999999999996,1.0,0.19999999999999998,8.499999999999991,0.9782608695652173,0.8846153846153845,0.8823529411764705,0.9391666666666666
"frozenset({'petal_width_中', 'sepal_width_低'})",frozenset({'Iris-versicolor'}),0.24666666666666667,0.3333333333333333,0.22666666666666666,0.9189189189189189,2.7567567567567566,1.0,0.14444444444444443,8.222222222222218,0.8459135866736075,0.6415094339622642,0.8783783783783783,0.7994594594594595
"frozenset({'petal_width_中', 'sepal_length_中'})",frozenset({'Iris-versicolor'}),0.23333333333333334,0.3333333333333333,0.21333333333333335,0.9142857142857144,2.7428571428571433,1.0,0.13555555555555557,7.777777777777787,0.828804347826087,0.6037735849056605,0.8714285714285716,0.7771428571428572
"frozenset({'petal_length_高', 'Iris-virginica'})",frozenset({'petal_width_高'}),0.29333333333333333,0.32,0.26666666666666666,0.9090909090909091,2.840909090909091,1.0,0.1728,7.479999999999997,0.9169811320754717,0.7692307692307693,0.8663101604278076,0.8712121212121211
"frozenset({'sepal_width_中', 'petal_width_高'})",frozenset({'Iris-virginica'}),0.14666666666666667,0.3333333333333333,0.13333333333333333,0.9090909090909091,2.7272727272727275,1.0,0.08444444444444445,7.333333333333332,0.7421875000000001,0.3846153846153846,0.8636363636363634,0.6545454545454545
"frozenset({'sepal_width_中', 'Iris-virginica'})",frozenset({'petal_length_高'}),0.14,0.30666666666666664,0.12666666666666668,0.9047619047619048,2.9503105590062115,1.0,0.08373333333333334,7.28,0.7686658506731946,0.3958333333333334,0.8626373626373627,0.6589026915113871
frozenset({'petal_width_中'}),frozenset({'petal_length_中'}),0.3466666666666667,0.36,0.31333333333333335,0.9038461538461539,2.5106837606837606,1.0,0.18853333333333336,6.656000000000001,0.9209726443768997,0.7966101694915255,0.8497596153846154,0.8871082621082622
frozenset({'petal_width_中'}),"frozenset({'Iris-versicolor', 'petal_length_中'})",0.3466666666666667,0.32,0.31333333333333335,0.9038461538461539,2.824519230769231,1.0,0.20240000000000002,7.072,0.9887103777681286,0.8867924528301886,0.8585972850678735,0.9415064102564104
"frozenset({'petal_length_高', 'sepal_width_中'})","frozenset({'sepal_length_高', 'Iris-virginica'})",0.13333333333333333,0.20666666666666667,0.12,0.9,4.35483870967742,1.0,0.09244444444444444,7.933333333333335,0.8888888888888888,0.5454545454545455,0.8739495798319328,0.7403225806451612
"frozenset({'petal_length_高', 'sepal_width_中'})","frozenset({'sepal_length_高', 'petal_width_高'})",0.13333333333333333,0.20666666666666667,0.12,0.9,4.35483870967742,1.0,0.09244444444444444,7.933333333333335,0.8888888888888888,0.5454545454545455,0.8739495798319328,0.7403225806451612
"frozenset({'petal_length_高', 'sepal_width_中'})","frozenset({'petal_width_高', 'Iris-virginica'})",0.13333333333333333,0.30666666666666664,0.12,0.9,2.9347826086956523,1.0,0.0791111111111111,6.933333333333335,0.7606837606837606,0.37500000000000006,0.8557692307692308,0.6456521739130435
"frozenset({'sepal_width_中', 'petal_width_高', 'Iris-virginica'})",frozenset({'petal_length_高'}),0.13333333333333333,0.30666666666666664,0.12,0.9,2.9347826086956523,1.0,0.0791111111111111,6.933333333333335,0.7606837606837606,0.37500000000000006,0.8557692307692308,0.6456521739130435
frozenset({'petal_width_低'}),frozenset({'sepal_length_低'}),0.3333333333333333,0.3466666666666667,0.3,0.9,2.5961538461538463,1.0,0.18444444444444444,6.533333333333335,0.9222222222222222,0.7894736842105264,0.8469387755102041,0.8826923076923077
frozenset({'petal_length_低'}),"frozenset({'sepal_length_低', 'Iris-setosa', 'petal_width_低'})",0.3333333333333333,0.3,0.3,0.9,3.0,1.0,0.2,7.000000000000001,1.0,0.9,0.8571428571428573,0.95
frozenset({'Iris-setosa'}),"frozenset({'sepal_length_低', 'petal_length_低', 'petal_width_低'})",0.3333333333333333,0.3,0.3,0.9,3.0,1.0,0.2,7.000000000000001,1.0,0.9,0.8571428571428573,0.95
"frozenset({'petal_length_低', 'petal_width_低'})","frozenset({'sepal_length_低', 'Iris-setosa'})",0.3333333333333333,0.3,0.3,0.9,3.0,1.0,0.2,7.000000000000001,1.0,0.9,0.8571428571428573,0.95
"frozenset({'Iris-setosa', 'petal_length_低'})","frozenset({'sepal_length_低', 'petal_width_低'})",0.3333333333333333,0.3,0.3,0.9,3.0,1.0,0.2,7.000000000000001,1.0,0.9,0.8571428571428573,0.95
frozenset({'petal_length_低'}),"frozenset({'sepal_length_低', 'petal_width_低'})",0.3333333333333333,0.3,0.3,0.9,3.0,1.0,0.2,7.000000000000001,1.0,0.9,0.8571428571428573,0.95
frozenset({'petal_length_低'}),"frozenset({'sepal_length_低', 'Iris-setosa'})",0.3333333333333333,0.3,0.3,0.9,3.0,1.0,0.2,7.000000000000001,1.0,0.9,0.8571428571428573,0.95
"frozenset({'Iris-setosa', 'petal_length_低', 'petal_width_低'})",frozenset({'sepal_length_低'}),0.3333333333333333,0.3466666666666667,0.3,0.9,2.5961538461538463,1.0,0.18444444444444444,6.533333333333335,0.9222222222222222,0.7894736842105264,0.8469387755102041,0.8826923076923077
frozenset({'petal_width_低'}),"frozenset({'sepal_length_低', 'petal_length_低'})",0.3333333333333333,0.3,0.3,0.9,3.0,1.0,0.2,7.000000000000001,1.0,0.9,0.8571428571428573,0.95
frozenset({'petal_length_低'}),frozenset({'sepal_length_低'}),0.3333333333333333,0.3466666666666667,0.3,0.9,2.5961538461538463,1.0,0.18444444444444444,6.533333333333335,0.9222222222222222,0.7894736842105264,0.8469387755102041,0.8826923076923077
"frozenset({'Iris-setosa', 'petal_width_低'})","frozenset({'sepal_length_低', 'petal_length_低'})",0.3333333333333333,0.3,0.3,0.9,3.0,1.0,0.2,7.000000000000001,1.0,0.9,0.8571428571428573,0.95
frozenset({'petal_width_低'}),"frozenset({'sepal_length_低', 'Iris-setosa'})",0.3333333333333333,0.3,0.3,0.9,3.0,1.0,0.2,7.000000000000001,1.0,0.9,0.8571428571428573,0.95
frozenset({'petal_width_低'}),"frozenset({'sepal_length_低', 'Iris-setosa', 'petal_length_低'})",0.3333333333333333,0.3,0.3,0.9,3.0,1.0,0.2,7.000000000000001,1.0,0.9,0.8571428571428573,0.95
frozenset({'Iris-setosa'}),"frozenset({'sepal_length_低', 'petal_width_低'})",0.3333333333333333,0.3,0.3,0.9,3.0,1.0,0.2,7.000000000000001,1.0,0.9,0.8571428571428573,0.95
"frozenset({'Iris-setosa', 'petal_length_低'})",frozenset({'sepal_length_低'}),0.3333333333333333,0.3466666666666667,0.3,0.9,2.5961538461538463,1.0,0.18444444444444444,6.533333333333335,0.9222222222222222,0.7894736842105264,0.8469387755102041,0.8826923076923077
"frozenset({'Iris-setosa', 'petal_width_低'})",frozenset({'sepal_length_低'}),0.3333333333333333,0.3466666666666667,0.3,0.9,2.5961538461538463,1.0,0.18444444444444444,6.533333333333335,0.9222222222222222,0.7894736842105264,0.8469387755102041,0.8826923076923077
frozenset({'Iris-setosa'}),frozenset({'sepal_length_低'}),0.3333333333333333,0.3466666666666667,0.3,0.9,2.5961538461538463,1.0,0.18444444444444444,6.533333333333335,0.9222222222222222,0.7894736842105264,0.8469387755102041,0.8826923076923077
"frozenset({'petal_length_低', 'petal_width_低'})",frozenset({'sepal_length_低'}),0.3333333333333333,0.3466666666666667,0.3,0.9,2.5961538461538463,1.0,0.18444444444444444,6.533333333333335,0.9222222222222222,0.7894736842105264,0.8469387755102041,0.8826923076923077
frozenset({'Iris-setosa'}),"frozenset({'sepal_length_低', 'petal_length_低'})",0.3333333333333333,0.3,0.3,0.9,3.0,1.0,0.2,7.000000000000001,1.0,0.9,0.8571428571428573,0.95
"frozenset({'petal_length_高', 'sepal_width_中', 'Iris-virginica'})","frozenset({'sepal_length_高', 'petal_width_高'})",0.12666666666666668,0.20666666666666667,0.11333333333333333,0.894736842105263,4.3293718166383695,1.0,0.08715555555555554,7.536666666666659,0.8805568028738213,0.515151515151515,0.867315347191508,0.7215619694397283
"frozenset({'petal_length_高', 'sepal_width_中', 'petal_width_高'})","frozenset({'sepal_length_高', 'Iris-virginica'})",0.12666666666666668,0.20666666666666667,0.11333333333333333,0.894736842105263,4.3293718166383695,1.0,0.08715555555555554,7.536666666666659,0.8805568028738213,0.515151515151515,0.867315347191508,0.7215619694397283
"frozenset({'petal_length_高', 'sepal_width_中', 'sepal_length_高'})","frozenset({'petal_width_高', 'Iris-virginica'})",0.12666666666666668,0.30666666666666664,0.11333333333333333,0.894736842105263,2.917620137299771,1.0,0.07448888888888888,6.586666666666661,0.7525819488100585,0.35416666666666663,0.8481781376518217,0.6321510297482837
"frozenset({'petal_width_中', 'sepal_length_中', 'sepal_width_低'})",frozenset({'Iris-versicolor'}),0.18666666666666668,0.3333333333333333,0.16666666666666666,0.8928571428571428,2.6785714285714284,1.0,0.10444444444444444,6.22222222222222,0.7704918032786886,0.47169811320754707,0.8392857142857142,0.6964285714285714
"frozenset({'petal_width_中', 'sepal_width_低'})","frozenset({'Iris-versicolor', 'petal_length_中'})",0.24666666666666667,0.32,0.22,0.8918918918918919,2.7871621621621623,1.0,0.14106666666666667,6.289999999999999,0.8511665325824619,0.6346153846153846,0.8410174880763116,0.7896959459459459
"frozenset({'petal_length_中', 'sepal_width_低'})",frozenset({'Iris-versicolor'}),0.24666666666666667,0.3333333333333333,0.22,0.8918918918918919,2.675675675675676,1.0,0.13777777777777778,6.166666666666667,0.8313220702601234,0.6111111111111112,0.8378378378378378,0.7759459459459459
"frozenset({'petal_length_中', 'sepal_width_低'})",frozenset({'petal_width_中'}),0.24666666666666667,0.3466666666666667,0.22,0.8918918918918919,2.5727650727650726,1.0,0.13448888888888888,6.043333333333333,0.811477607937785,0.5892857142857142,0.8345284059569774,0.7632536382536382
"frozenset({'petal_width_中', 'sepal_width_低'})",frozenset({'petal_length_中'}),0.24666666666666667,0.36,0.22,0.8918918918918919,2.4774774774774775,1.0,0.13119999999999998,5.92,0.7916331456154465,0.5689655172413792,0.831081081081081,0.7515015015015015
"frozenset({'petal_length_中', 'sepal_width_低'})","frozenset({'petal_width_中', 'Iris-versicolor'})",0.24666666666666667,0.32,0.22,0.8918918918918919,2.7871621621621623,1.0,0.14106666666666667,6.289999999999999,0.8511665325824619,0.6346153846153846,0.8410174880763116,0.7896959459459459
frozenset({'petal_length_高'}),frozenset({'petal_width_高'}),0.30666666666666664,0.32,0.2733333333333333,0.8913043478260869,2.7853260869565215,1.0,0.1752,6.255999999999998,0.9244840525328331,0.7735849056603772,0.840153452685422,0.8727355072463767
"frozenset({'petal_length_中', 'sepal_width_低', 'sepal_length_中'})",frozenset({'Iris-versicolor'}),0.18,0.3333333333333333,0.16,0.888888888888889,2.666666666666667,1.0,0.1,6.000000000000004,0.7621951219512195,0.45283018867924535,0.8333333333333333,0.6844444444444445
"frozenset({'sepal_length_中', 'petal_length_中', 'sepal_width_低'})",frozenset({'petal_width_中'}),0.18,0.3466666666666667,0.16,0.888888888888889,2.5641025641025643,1.0,0.0976,5.8800000000000034,0.7439024390243902,0.43636363636363645,0.8299319727891158,0.6752136752136753
frozenset({'petal_length_中'}),frozenset({'Iris-versicolor'}),0.36,0.3333333333333333,0.32,0.888888888888889,2.666666666666667,1.0,0.2,6.000000000000004,0.9765625,0.8571428571428571,0.8333333333333333,0.9244444444444445
"frozenset({'petal_length_中', 'sepal_length_中', 'sepal_width_低'})","frozenset({'petal_width_中', 'Iris-versicolor'})",0.18,0.32,0.16,0.888888888888889,2.777777777777778,1.0,0.1024,6.120000000000003,0.7804878048780488,0.4705882352941177,0.8366013071895427,0.6944444444444444
"frozenset({'petal_width_中', 'sepal_length_中'})",frozenset({'petal_length_中'}),0.23333333333333334,0.36,0.20666666666666667,0.8857142857142857,2.4603174603174605,1.0,0.12266666666666667,5.599999999999998,0.7741935483870969,0.5344827586206897,0.8214285714285714,0.7298941798941798
"frozenset({'petal_width_中', 'sepal_length_中'})","frozenset({'Iris-versicolor', 'petal_length_中'})",0.23333333333333334,0.32,0.20666666666666667,0.8857142857142857,2.767857142857143,1.0,0.132,5.9499999999999975,0.8330995792426368,0.5961538461538461,0.8319327731092436,0.7657738095238096
frozenset({'Iris-virginica'}),frozenset({'petal_length_高'}),0.3333333333333333,0.30666666666666664,0.29333333333333333,0.88,2.8695652173913047,1.0,0.19111111111111112,5.777777777777779,0.9772727272727273,0.8461538461538464,0.826923076923077,0.9182608695652175
frozenset({'petal_length_中'}),frozenset({'petal_width_中'}),0.36,0.3466666666666667,0.31333333333333335,0.8703703703703705,2.5106837606837606,1.0,0.18853333333333336,5.040000000000004,0.9401595744680852,0.7966101694915255,0.8015873015873017,0.8871082621082622
frozenset({'petal_length_中'}),"frozenset({'petal_width_中', 'Iris-versicolor'})",0.36,0.32,0.31333333333333335,0.8703703703703705,2.7199074074074074,1.0,0.19813333333333336,5.245714285714289,0.9880319148936171,0.8545454545454548,0.8093681917211331,0.9247685185185186
frozenset({'petal_length_高'}),"frozenset({'petal_width_高', 'Iris-virginica'})",0.30666666666666664,0.30666666666666664,0.26666666666666666,0.8695652173913044,2.8355387523629494,1.0,0.17262222222222223,5.31555555555556,0.9336538461538463,0.7692307692307693,0.8118729096989968,0.8695652173913044
"frozenset({'petal_width_高', 'Iris-virginica'})",frozenset({'petal_length_高'}),0.30666666666666664,0.30666666666666664,0.26666666666666666,0.8695652173913044,2.8355387523629494,1.0,0.17262222222222223,5.31555555555556,0.9336538461538463,0.7692307692307693,0.8118729096989968,0.8695652173913044
frozenset({'sepal_length_低'}),"frozenset({'Iris-setosa', 'petal_length_低'})",0.3466666666666667,0.3333333333333333,0.3,0.8653846153846153,2.5961538461538463,1.0,0.18444444444444444,4.95238095238095,0.9410430839002268,0.7894736842105264,0.7980769230769228,0.8826923076923077
frozenset({'sepal_length_低'}),"frozenset({'petal_length_低', 'petal_width_低'})",0.3466666666666667,0.3333333333333333,0.3,0.8653846153846153,2.5961538461538463,1.0,0.18444444444444444,4.95238095238095,0.9410430839002268,0.7894736842105264,0.7980769230769228,0.8826923076923077
frozenset({'sepal_length_低'}),"frozenset({'Iris-setosa', 'petal_length_低', 'petal_width_低'})",0.3466666666666667,0.3333333333333333,0.3,0.8653846153846153,2.5961538461538463,1.0,0.18444444444444444,4.95238095238095,0.9410430839002268,0.7894736842105264,0.7980769230769228,0.8826923076923077
frozenset({'sepal_length_低'}),frozenset({'Iris-setosa'}),0.3466666666666667,0.3333333333333333,0.3,0.8653846153846153,2.5961538461538463,1.0,0.18444444444444444,4.95238095238095,0.9410430839002268,0.7894736842105264,0.7980769230769228,0.8826923076923077
frozenset({'sepal_length_低'}),"frozenset({'Iris-setosa', 'petal_width_低'})",0.3466666666666667,0.3333333333333333,0.3,0.8653846153846153,2.5961538461538463,1.0,0.18444444444444444,4.95238095238095,0.9410430839002268,0.7894736842105264,0.7980769230769228,0.8826923076923077
frozenset({'sepal_length_低'}),frozenset({'petal_length_低'}),0.3466666666666667,0.3333333333333333,0.3,0.8653846153846153,2.5961538461538463,1.0,0.18444444444444444,4.95238095238095,0.9410430839002268,0.7894736842105264,0.7980769230769228,0.8826923076923077
frozenset({'sepal_length_低'}),frozenset({'petal_width_低'}),0.3466666666666667,0.3333333333333333,0.3,0.8653846153846153,2.5961538461538463,1.0,0.18444444444444444,4.95238095238095,0.9410430839002268,0.7894736842105264,0.7980769230769228,0.8826923076923077
"frozenset({'petal_length_中', 'sepal_length_中'})",frozenset({'Iris-versicolor'}),0.24666666666666667,0.3333333333333333,0.21333333333333335,0.8648648648648649,2.5945945945945947,1.0,0.13111111111111112,4.933333333333335,0.8158185840707965,0.581818181818182,0.7972972972972974,0.7524324324324325
"frozenset({'sepal_width_中', 'petal_width_高'})",frozenset({'petal_length_高'}),0.14666666666666667,0.30666666666666664,0.12666666666666668,0.8636363636363638,2.8162055335968383,1.0,0.0816888888888889,5.084444444444449,0.7557565789473685,0.38775510204081637,0.8033216783216786,0.6383399209486167
"frozenset({'petal_width_中', 'sepal_length_中', 'sepal_width_低'})","frozenset({'Iris-versicolor', 'petal_length_中'})",0.18666666666666668,0.32,0.16,0.8571428571428571,2.6785714285714284,1.0,0.10026666666666667,4.759999999999998,0.7704918032786885,0.4615384615384615,0.7899159663865547,0.6785714285714286
"frozenset({'petal_width_中', 'sepal_length_中', 'sepal_width_低'})",frozenset({'petal_length_中'}),0.18666666666666668,0.36,0.16,0.8571428571428571,2.380952380952381,1.0,0.09280000000000001,4.479999999999999,0.7131147540983607,0.4137931034482759,0.7767857142857142,0.6507936507936508
"frozenset({'sepal_width_中', 'Iris-virginica'})","frozenset({'petal_length_高', 'sepal_length_高'})",0.14,0.21333333333333335,0.12,0.857142857142857,4.0178571428571415,1.0,0.09013333333333333,5.506666666666661,0.8733850129198966,0.5142857142857141,0.8184019370460046,0.7098214285714284
"frozenset({'sepal_width_中', 'Iris-virginica'})","frozenset({'petal_length_高', 'petal_width_高'})",0.14,0.2733333333333333,0.12,0.857142857142857,3.13588850174216,1.0,0.08173333333333332,5.086666666666662,0.7919896640826872,0.40909090909090906,0.8034076015727389,0.6480836236933797
"frozenset({'sepal_width_中', 'Iris-virginica'})",frozenset({'sepal_length_高'}),0.14,0.28,0.12,0.857142857142857,3.0612244897959173,1.0,0.08079999999999998,5.039999999999994,0.7829457364341084,0.3999999999999999,0.8015873015873014,0.6428571428571428
"frozenset({'Iris-virginica', 'sepal_width_低'})",frozenset({'petal_width_高'}),0.14,0.32,0.12,0.857142857142857,2.678571428571428,1.0,0.07519999999999999,4.7599999999999945,0.7286821705426355,0.3529411764705882,0.7899159663865544,0.6160714285714285
frozenset({'petal_width_高'}),frozenset({'petal_length_高'}),0.32,0.30666666666666664,0.2733333333333333,0.8541666666666666,2.785326086956522,1.0,0.1752,4.754285714285714,0.9426111908177905,0.7735849056603772,0.7896634615384615,0.8727355072463767
"frozenset({'sepal_width_中', 'petal_width_高', 'Iris-virginica'})",frozenset({'sepal_length_高'}),0.13333333333333333,0.28,0.11333333333333333,0.85,3.035714285714285,1.0,0.07599999999999998,4.799999999999999,0.7737556561085971,0.37777777777777777,0.7916666666666666,0.6273809523809524
"frozenset({'petal_length_高', 'sepal_width_中'})","frozenset({'sepal_length_高', 'petal_width_高', 'Iris-virginica'})",0.13333333333333333,0.2,0.11333333333333333,0.85,4.25,1.0,0.08666666666666666,5.333333333333333,0.8823529411764705,0.515151515151515,0.8124999999999999,0.7083333333333333
"frozenset({'sepal_width_中', 'petal_width_高', 'Iris-virginica'})","frozenset({'petal_length_高', 'sepal_length_高'})",0.13333333333333333,0.21333333333333335,0.11333333333333333,0.85,3.9843749999999996,1.0,0.08488888888888887,5.244444444444444,0.8642533936651582,0.4857142857142857,0.809322033898305,0.6906249999999999
"frozenset({'petal_length_低', 'petal_width_低', 'sepal_width_高'})","frozenset({'sepal_length_低', 'Iris-setosa'})",0.21333333333333335,0.3,0.18,0.8437499999999999,2.8124999999999996,1.0,0.11599999999999999,4.479999999999997,0.8192090395480227,0.54,0.7767857142857143,0.7218749999999999
"frozenset({'Iris-setosa', 'petal_width_低', 'sepal_width_高'})","frozenset({'sepal_length_低', 'petal_length_低'})",0.21333333333333335,0.3,0.18,0.8437499999999999,2.8124999999999996,1.0,0.11599999999999999,4.479999999999997,0.8192090395480227,0.54,0.7767857142857143,0.7218749999999999
"frozenset({'petal_width_低', 'sepal_width_高'})","frozenset({'sepal_length_低', 'petal_length_低'})",0.21333333333333335,0.3,0.18,0.8437499999999999,2.8124999999999996,1.0,0.11599999999999999,4.479999999999997,0.8192090395480227,0.54,0.7767857142857143,0.7218749999999999
"frozenset({'petal_length_低', 'petal_width_低', 'sepal_width_高'})",frozenset({'sepal_length_低'}),0.21333333333333335,0.3466666666666667,0.18,0.8437499999999999,2.4338942307692304,1.0,0.10604444444444443,4.18133333333333,0.7489014438166981,0.4736842105263157,0.7608418367346937,0.6814903846153846
"frozenset({'petal_width_低', 'sepal_width_高'})",frozenset({'sepal_length_低'}),0.21333333333333335,0.3466666666666667,0.18,0.8437499999999999,2.4338942307692304,1.0,0.10604444444444443,4.18133333333333,0.7489014438166981,0.4736842105263157,0.7608418367346937,0.6814903846153846
"frozenset({'petal_width_低', 'sepal_width_高'})","frozenset({'sepal_length_低', 'Iris-setosa'})",0.21333333333333335,0.3,0.18,0.8437499999999999,2.8124999999999996,1.0,0.11599999999999999,4.479999999999997,0.8192090395480227,0.54,0.7767857142857143,0.7218749999999999
"frozenset({'Iris-setosa', 'sepal_width_高'})","frozenset({'sepal_length_低', 'petal_width_低'})",0.21333333333333335,0.3,0.18,0.8437499999999999,2.8124999999999996,1.0,0.11599999999999999,4.479999999999997,0.8192090395480227,0.54,0.7767857142857143,0.7218749999999999
"frozenset({'Iris-setosa', 'petal_width_低', 'sepal_width_高'})",frozenset({'sepal_length_低'}),0.21333333333333335,0.3466666666666667,0.18,0.8437499999999999,2.4338942307692304,1.0,0.10604444444444443,4.18133333333333,0.7489014438166981,0.4736842105263157,0.7608418367346937,0.6814903846153846
"frozenset({'petal_length_低', 'sepal_width_高'})","frozenset({'sepal_length_低', 'Iris-setosa', 'petal_width_低'})",0.21333333333333335,0.3,0.18,0.8437499999999999,2.8124999999999996,1.0,0.11599999999999999,4.479999999999997,0.8192090395480227,0.54,0.7767857142857143,0.7218749999999999
"frozenset({'Iris-setosa', 'sepal_width_高'})","frozenset({'sepal_length_低', 'petal_length_低', 'petal_width_低'})",0.21333333333333335,0.3,0.18,0.8437499999999999,2.8124999999999996,1.0,0.11599999999999999,4.479999999999997,0.8192090395480227,0.54,0.7767857142857143,0.7218749999999999
"frozenset({'petal_width_低', 'sepal_width_高'})","frozenset({'sepal_length_低', 'Iris-setosa', 'petal_length_低'})",0.21333333333333335,0.3,0.18,0.8437499999999999,2.8124999999999996,1.0,0.11599999999999999,4.479999999999997,0.8192090395480227,0.54,0.7767857142857143,0.7218749999999999
"frozenset({'Iris-setosa', 'petal_length_低', 'sepal_width_高'})","frozenset({'sepal_length_低', 'petal_width_低'})",0.21333333333333335,0.3,0.18,0.8437499999999999,2.8124999999999996,1.0,0.11599999999999999,4.479999999999997,0.8192090395480227,0.54,0.7767857142857143,0.7218749999999999
"frozenset({'petal_length_低', 'sepal_width_高'})","frozenset({'sepal_length_低', 'petal_width_低'})",0.21333333333333335,0.3,0.18,0.8437499999999999,2.8124999999999996,1.0,0.11599999999999999,4.479999999999997,0.8192090395480227,0.54,0.7767857142857143,0.7218749999999999
"frozenset({'Iris-setosa', 'petal_length_低', 'petal_width_低', 'sepal_width_高'})",frozenset({'sepal_length_低'}),0.21333333333333335,0.3466666666666667,0.18,0.8437499999999999,2.4338942307692304,1.0,0.10604444444444443,4.18133333333333,0.7489014438166981,0.4736842105263157,0.7608418367346937,0.6814903846153846
"frozenset({'petal_length_低', 'sepal_width_高'})","frozenset({'sepal_length_低', 'Iris-setosa'})",0.21333333333333335,0.3,0.18,0.8437499999999999,2.8124999999999996,1.0,0.11599999999999999,4.479999999999997,0.8192090395480227,0.54,0.7767857142857143,0.7218749999999999
"frozenset({'Iris-setosa', 'sepal_width_高'})","frozenset({'sepal_length_低', 'petal_length_低'})",0.21333333333333335,0.3,0.18,0.8437499999999999,2.8124999999999996,1.0,0.11599999999999999,4.479999999999997,0.8192090395480227,0.54,0.7767857142857143,0.7218749999999999
"frozenset({'Iris-setosa', 'petal_length_低', 'sepal_width_高'})",frozenset({'sepal_length_低'}),0.21333333333333335,0.3466666666666667,0.18,0.8437499999999999,2.4338942307692304,1.0,0.10604444444444443,4.18133333333333,0.7489014438166981,0.4736842105263157,0.7608418367346937,0.6814903846153846
"frozenset({'Iris-setosa', 'sepal_width_高'})",frozenset({'sepal_length_低'}),0.21333333333333335,0.3466666666666667,0.18,0.8437499999999999,2.4338942307692304,1.0,0.10604444444444443,4.18133333333333,0.7489014438166981,0.4736842105263157,0.7608418367346937,0.6814903846153846
"frozenset({'petal_length_低', 'sepal_width_高'})",frozenset({'sepal_length_低'}),0.21333333333333335,0.3466666666666667,0.18,0.8437499999999999,2.4338942307692304,1.0,0.10604444444444443,4.18133333333333,0.7489014438166981,0.4736842105263157,0.7608418367346937,0.6814903846153846
"frozenset({'petal_length_中', 'sepal_length_中'})","frozenset({'petal_width_中', 'Iris-versicolor'})",0.24666666666666667,0.32,0.20666666666666667,0.8378378378378378,2.618243243243243,1.0,0.1277333333333333,4.1933333333333325,0.8204396231801312,0.5740740740740741,0.7615262321144676,0.7418355855855856
"frozenset({'sepal_length_中', 'petal_length_中'})",frozenset({'petal_width_中'}),0.24666666666666667,0.3466666666666667,0.20666666666666667,0.8378378378378378,2.416839916839917,1.0,0.12115555555555554,4.028888888888889,0.7781901227519269,0.5344827586206896,0.7517926089354661,0.716995841995842
"frozenset({'sepal_length_中', 'Iris-virginica'})",frozenset({'petal_width_高'}),0.12,0.32,0.1,0.8333333333333334,2.6041666666666665,1.0,0.06160000000000001,4.080000000000001,0.7000000000000001,0.2941176470588236,0.7549019607843139,0.5729166666666667
frozenset({'petal_width_高'}),"frozenset({'petal_length_高', 'Iris-virginica'})",0.32,0.29333333333333333,0.26666666666666666,0.8333333333333333,2.840909090909091,1.0,0.1728,4.239999999999998,0.9529411764705884,0.7692307692307693,0.7641509433962264,0.8712121212121211
"frozenset({'sepal_width_中', 'petal_width_高'})","frozenset({'petal_length_高', 'sepal_length_高'})",0.14666666666666667,0.21333333333333335,0.12,0.8181818181818181,3.835227272727272,1.0,0.0887111111111111,4.326666666666665,0.8663194444444444,0.5,0.768875192604006,0.690340909090909
"frozenset({'sepal_width_中', 'petal_width_高'})",frozenset({'sepal_length_高'}),0.14666666666666667,0.28,0.12,0.8181818181818181,2.9220779220779214,1.0,0.07893333333333333,3.9599999999999986,0.7708333333333334,0.3913043478260869,0.7474747474747474,0.6233766233766234
"frozenset({'sepal_width_中', 'petal_width_高'})","frozenset({'petal_length_高', 'Iris-virginica'})",0.14666666666666667,0.29333333333333333,0.12,0.8181818181818181,2.789256198347107,1.0,0.07697777777777777,3.8866666666666654,0.751736111111111,0.375,0.7427101200686106,0.6136363636363635
"frozenset({'sepal_width_中', 'Iris-virginica'})","frozenset({'petal_length_高', 'sepal_length_高', 'petal_width_高'})",0.14,0.20666666666666667,0.11333333333333333,0.8095238095238094,3.9170506912442393,1.0,0.08439999999999999,4.164999999999997,0.8659370725034199,0.4857142857142857,0.7599039615846337,0.6789554531490014
"frozenset({'Iris-virginica', 'sepal_width_低'})",frozenset({'petal_length_高'}),0.14,0.30666666666666664,0.11333333333333333,0.8095238095238094,2.639751552795031,1.0,0.07039999999999999,3.6399999999999983,0.7222982216142271,0.34,0.7252747252747251,0.5895445134575569
"frozenset({'sepal_width_中', 'Iris-virginica'})","frozenset({'sepal_length_高', 'petal_width_高'})",0.14,0.20666666666666667,0.11333333333333333,0.8095238095238094,3.9170506912442393,1.0,0.08439999999999999,4.164999999999997,0.8659370725034199,0.4857142857142857,0.7599039615846337,0.6789554531490014
"frozenset({'petal_width_中', 'sepal_length_中'})",frozenset({'sepal_width_低'}),0.23333333333333334,0.38,0.18666666666666668,0.8,2.1052631578947367,1.0,0.098,3.1000000000000005,0.6847826086956522,0.43750000000000006,0.6774193548387097,0.6456140350877193
frozenset({'Iris-virginica'}),"frozenset({'petal_length_高', 'petal_width_高'})",0.3333333333333333,0.2733333333333333,0.26666666666666666,0.8,2.9268292682926833,1.0,0.17555555555555558,3.633333333333334,0.9875,0.784313725490196,0.724770642201835,0.8878048780487806
"frozenset({'petal_width_中', 'Iris-versicolor', 'sepal_length_中'})",frozenset({'sepal_width_低'}),0.21333333333333335,0.38,0.16666666666666666,0.7812499999999999,2.0559210526315788,1.0,0.08559999999999998,2.8342857142857127,0.6528813559322033,0.3906249999999999,0.6471774193548385,0.609923245614035
"frozenset({'petal_width_中', 'sepal_length_中', 'petal_length_中'})",frozenset({'sepal_width_低'}),0.20666666666666667,0.38,0.16,0.7741935483870968,2.037351443123939,1.0,0.08146666666666667,2.7457142857142856,0.6418067226890757,0.37500000000000006,0.63579604578564,0.597623089983022
"frozenset({'petal_width_中', 'Iris-versicolor', 'petal_length_中', 'sepal_length_中'})",frozenset({'sepal_width_低'}),0.20666666666666667,0.38,0.16,0.7741935483870968,2.037351443123939,1.0,0.08146666666666667,2.7457142857142856,0.6418067226890757,0.37500000000000006,0.63579604578564,0.597623089983022
"frozenset({'petal_width_中', 'petal_length_中', 'sepal_length_中'})","frozenset({'Iris-versicolor', 'sepal_width_低'})",0.20666666666666667,0.22666666666666666,0.16,0.7741935483870968,3.415559772296015,1.0,0.11315555555555556,3.4247619047619042,0.8914565826330533,0.5853658536585367,0.7080088987764183,0.7400379506641366
"frozenset({'sepal_width_中', 'petal_width_高'})","frozenset({'sepal_length_高', 'Iris-virginica'})",0.14666666666666667,0.20666666666666667,0.11333333333333333,0.7727272727272727,3.7390029325513194,1.0,0.08302222222222222,3.4906666666666664,0.8584558823529413,0.4722222222222222,0.7135217723453018,0.6605571847507331
"frozenset({'sepal_width_中', 'petal_width_高'})","frozenset({'petal_length_高', 'sepal_length_高', 'Iris-virginica'})",0.14666666666666667,0.20666666666666667,0.11333333333333333,0.7727272727272727,3.7390029325513194,1.0,0.08302222222222222,3.4906666666666664,0.8584558823529413,0.4722222222222222,0.7135217723453018,0.6605571847507331
frozenset({'sepal_width_高'}),"frozenset({'Iris-setosa', 'petal_length_低'})",0.28,0.3333333333333333,0.21333333333333335,0.7619047619047619,2.2857142857142856,1.0,0.12000000000000001,2.8,0.78125,0.5333333333333334,0.6428571428571428,0.700952380952381
frozenset({'sepal_length_高'}),frozenset({'petal_length_高'}),0.28,0.30666666666666664,0.21333333333333335,0.7619047619047619,2.4844720496894412,1.0,0.12746666666666667,2.9119999999999995,0.829861111111111,0.5714285714285715,0.6565934065934066,0.7287784679089027
frozenset({'sepal_width_高'}),frozenset({'petal_length_低'}),0.28,0.3333333333333333,0.21333333333333335,0.7619047619047619,2.2857142857142856,1.0,0.12000000000000001,2.8,0.78125,0.5333333333333334,0.6428571428571428,0.700952380952381
frozenset({'sepal_width_高'}),frozenset({'Iris-setosa'}),0.28,0.3333333333333333,0.21333333333333335,0.7619047619047619,2.2857142857142856,1.0,0.12000000000000001,2.8,0.78125,0.5333333333333334,0.6428571428571428,0.700952380952381
frozenset({'sepal_width_高'}),frozenset({'petal_width_低'}),0.28,0.3333333333333333,0.21333333333333335,0.7619047619047619,2.2857142857142856,1.0,0.12000000000000001,2.8,0.78125,0.5333333333333334,0.6428571428571428,0.700952380952381
frozenset({'sepal_width_高'}),"frozenset({'Iris-setosa', 'petal_width_低'})",0.28,0.3333333333333333,0.21333333333333335,0.7619047619047619,2.2857142857142856,1.0,0.12000000000000001,2.8,0.78125,0.5333333333333334,0.6428571428571428,0.700952380952381
frozenset({'sepal_width_高'}),"frozenset({'petal_length_低', 'petal_width_低'})",0.28,0.3333333333333333,0.21333333333333335,0.7619047619047619,2.2857142857142856,1.0,0.12000000000000001,2.8,0.78125,0.5333333333333334,0.6428571428571428,0.700952380952381
frozenset({'sepal_width_高'}),"frozenset({'Iris-setosa', 'petal_length_低', 'petal_width_低'})",0.28,0.3333333333333333,0.21333333333333335,0.7619047619047619,2.2857142857142856,1.0,0.12000000000000001,2.8,0.78125,0.5333333333333334,0.6428571428571428,0.700952380952381
"frozenset({'sepal_length_高', 'sepal_width_中'})",frozenset({'petal_length_高'}),0.16666666666666666,0.30666666666666664,0.12666666666666668,0.7600000000000001,2.478260869565218,1.0,0.07555555555555557,2.8888888888888906,0.7157894736842105,0.36538461538461553,0.6538461538461541,0.5865217391304349
"frozenset({'Iris-versicolor', 'sepal_length_中'})","frozenset({'petal_width_中', 'sepal_width_低'})",0.22,0.24666666666666667,0.16666666666666666,0.7575757575757576,3.071253071253071,1.0,0.11239999999999999,3.1075,0.8646153846153845,0.5555555555555555,0.6781979082864038,0.7166257166257166
"frozenset({'Iris-versicolor', 'sepal_length_中'})",frozenset({'sepal_width_低'}),0.22,0.38,0.16666666666666666,0.7575757575757576,1.9936204146730463,1.0,0.08306666666666665,2.5575,0.6389743589743588,0.3846153846153846,0.6089931573802542,0.5980861244019139
"frozenset({'petal_width_中', 'sepal_width_低'})",frozenset({'sepal_length_中'}),0.24666666666666667,0.37333333333333335,0.18666666666666668,0.7567567567567568,2.027027027027027,1.0,0.09457777777777777,2.576296296296297,0.6725663716814159,0.4307692307692308,0.6118458884416331,0.6283783783783784
"frozenset({'sepal_length_中', 'sepal_width_低'})",frozenset({'petal_width_中'}),0.24666666666666667,0.3466666666666667,0.18666666666666668,0.7567567567567568,2.182952182952183,1.0,0.10115555555555555,2.6859259259259263,0.7193426042983565,0.4590163934426229,0.6276889134031992,0.6476091476091477
"frozenset({'petal_length_高', 'petal_width_高'})",frozenset({'sepal_length_高'}),0.2733333333333333,0.28,0.20666666666666667,0.7560975609756098,2.700348432055749,1.0,0.13013333333333332,2.952,0.8665285587451909,0.5961538461538461,0.6612466124661247,0.7470963995354238
"frozenset({'Iris-versicolor', 'petal_length_中', 'sepal_length_中'})","frozenset({'petal_width_中', 'sepal_width_低'})",0.21333333333333335,0.24666666666666667,0.16,0.75,3.0405405405405403,1.0,0.10737777777777777,3.013333333333333,0.8531073446327684,0.5333333333333332,0.668141592920354,0.6993243243243243
"frozenset({'Iris-versicolor', 'petal_length_中', 'sepal_length_中'})",frozenset({'sepal_width_低'}),0.21333333333333335,0.38,0.16,0.75,1.9736842105263157,1.0,0.07893333333333333,2.48,0.6271186440677966,0.36923076923076925,0.5967741935483871,0.5855263157894737
"frozenset({'petal_width_中', 'Iris-versicolor', 'sepal_length_中'})","frozenset({'petal_length_中', 'sepal_width_低'})",0.21333333333333335,0.24666666666666667,0.16,0.75,3.0405405405405403,1.0,0.10737777777777777,3.013333333333333,0.8531073446327684,0.5333333333333332,0.668141592920354,0.6993243243243243
"frozenset({'petal_length_高', 'petal_width_高', 'Iris-virginica'})",frozenset({'sepal_length_高'}),0.26666666666666666,0.28,0.2,0.75,2.6785714285714284,1.0,0.12533333333333335,2.88,0.8545454545454545,0.576923076923077,0.6527777777777778,0.7321428571428572
frozenset({'sepal_length_高'}),"frozenset({'petal_length_高', 'petal_width_高'})",0.28,0.2733333333333333,0.20666666666666667,0.738095238095238,2.700348432055749,1.0,0.13013333333333332,2.774545454545454,0.8745519713261649,0.5961538461538461,0.639580602883355,0.7470963995354238
frozenset({'sepal_length_高'}),frozenset({'Iris-virginica'}),0.28,0.3333333333333333,0.20666666666666667,0.738095238095238,2.2142857142857144,1.0,0.11333333333333333,2.545454545454545,0.7616487455197133,0.5081967213114754,0.607142857142857,0.679047619047619
frozenset({'sepal_length_高'}),"frozenset({'petal_length_高', 'Iris-virginica'})",0.28,0.29333333333333333,0.20666666666666667,0.738095238095238,2.516233766233766,1.0,0.12453333333333333,2.6981818181818173,0.8369175627240144,0.5636363636363636,0.6293800539083557,0.7213203463203464
frozenset({'sepal_length_高'}),frozenset({'petal_width_高'}),0.28,0.32,0.20666666666666667,0.738095238095238,2.3065476190476186,1.0,0.11706666666666665,2.5963636363636353,0.7867383512544802,0.5254237288135591,0.6148459383753501,0.6919642857142857
"frozenset({'Iris-versicolor', 'sepal_width_低'})",frozenset({'sepal_length_中'}),0.22666666666666666,0.37333333333333335,0.16666666666666666,0.7352941176470588,1.96953781512605,1.0,0.08204444444444443,2.367407407407407,0.6365517241379309,0.3846153846153846,0.5775969962453065,0.590861344537815
"frozenset({'petal_width_中', 'Iris-versicolor', 'sepal_width_低'})",frozenset({'sepal_length_中'}),0.22666666666666666,0.37333333333333335,0.16666666666666666,0.7352941176470588,1.96953781512605,1.0,0.08204444444444443,2.367407407407407,0.6365517241379309,0.3846153846153846,0.5775969962453065,0.590861344537815
"frozenset({'Iris-versicolor', 'sepal_width_低'})","frozenset({'petal_width_中', 'sepal_length_中'})",0.22666666666666666,0.23333333333333334,0.16666666666666666,0.7352941176470588,3.1512605042016806,1.0,0.11377777777777777,2.8962962962962955,0.8827586206896552,0.5681818181818181,0.6547314578005116,0.7247899159663864
"frozenset({'petal_length_高', 'petal_width_高'})","frozenset({'sepal_length_高', 'Iris-virginica'})",0.2733333333333333,0.20666666666666667,0.2,0.7317073170731708,3.540519276160504,1.0,0.14351111111111112,2.956969696969698,0.9874617737003057,0.7142857142857144,0.6618159458905515,0.849724626278521
"frozenset({'sepal_length_中', 'petal_length_中'})",frozenset({'sepal_width_低'}),0.24666666666666667,0.38,0.18,0.7297297297297297,1.9203413940256044,1.0,0.08626666666666666,2.294,0.6361848574237954,0.4029850746268656,0.5640802092414995,0.6017069701280228
"frozenset({'petal_length_中', 'sepal_width_低'})",frozenset({'sepal_length_中'}),0.24666666666666667,0.37333333333333335,0.18,0.7297297297297297,1.9546332046332044,1.0,0.08791111111111109,2.3186666666666667,0.6483120288430022,0.40909090909090906,0.5687176538240367,0.6059362934362934
"frozenset({'sepal_length_中', 'sepal_width_低'})",frozenset({'petal_length_中'}),0.24666666666666667,0.36,0.18,0.7297297297297297,2.027027027027027,1.0,0.09119999999999999,2.368,0.6725663716814159,0.42187499999999994,0.5777027027027027,0.6148648648648649
"frozenset({'Iris-versicolor', 'petal_length_中', 'sepal_width_低'})","frozenset({'petal_width_中', 'sepal_length_中'})",0.22,0.23333333333333334,0.16,0.7272727272727273,3.116883116883117,1.0,0.10866666666666666,2.811111111111111,0.8707264957264956,0.5454545454545454,0.6442687747035574,0.7064935064935065
"frozenset({'Iris-versicolor', 'petal_length_中', 'sepal_width_低'})",frozenset({'sepal_length_中'}),0.22,0.37333333333333335,0.16,0.7272727272727273,1.948051948051948,1.0,0.07786666666666667,2.297777777777778,0.6239316239316239,0.36923076923076925,0.5647969052224371,0.577922077922078
"frozenset({'Iris-versicolor', 'sepal_length_中'})","frozenset({'petal_length_中', 'sepal_width_低'})",0.22,0.24666666666666667,0.16,0.7272727272727273,2.9484029484029484,1.0,0.10573333333333333,2.7622222222222224,0.8472222222222222,0.5217391304347827,0.6379726468222043,0.687960687960688
"frozenset({'petal_width_中', 'Iris-versicolor', 'petal_length_中', 'sepal_width_低'})",frozenset({'sepal_length_中'}),0.22,0.37333333333333335,0.16,0.7272727272727273,1.948051948051948,1.0,0.07786666666666667,2.297777777777778,0.6239316239316239,0.36923076923076925,0.5647969052224371,0.577922077922078
"frozenset({'petal_width_中', 'petal_length_中', 'sepal_width_低'})","frozenset({'Iris-versicolor', 'sepal_length_中'})",0.22,0.22,0.16,0.7272727272727273,3.3057851239669422,1.0,0.1116,2.8600000000000003,0.8942307692307692,0.5714285714285714,0.6503496503496504,0.7272727272727273
"frozenset({'Iris-versicolor', 'sepal_length_中'})","frozenset({'petal_width_中', 'petal_length_中', 'sepal_width_低'})",0.22,0.22,0.16,0.7272727272727273,3.3057851239669422,1.0,0.1116,2.8600000000000003,0.8942307692307692,0.5714285714285714,0.6503496503496504,0.7272727272727273
"frozenset({'petal_width_中', 'petal_length_中', 'sepal_width_低'})",frozenset({'sepal_length_中'}),0.22,0.37333333333333335,0.16,0.7272727272727273,1.948051948051948,1.0,0.07786666666666667,2.297777777777778,0.6239316239316239,0.36923076923076925,0.5647969052224371,0.577922077922078
"frozenset({'sepal_length_高', 'sepal_width_中'})",frozenset({'Iris-virginica'}),0.16666666666666666,0.3333333333333333,0.12,0.72,2.16,1.0,0.06444444444444444,2.380952380952381,0.6444444444444444,0.3157894736842105,0.58,0.54
"frozenset({'sepal_length_高', 'sepal_width_中'})","frozenset({'petal_length_高', 'Iris-virginica'})",0.16666666666666666,0.29333333333333333,0.12,0.72,2.4545454545454546,1.0,0.07111111111111111,2.5238095238095237,0.711111111111111,0.35294117647058826,0.6037735849056604,0.5645454545454545
"frozenset({'sepal_length_高', 'sepal_width_中'})",frozenset({'petal_width_高'}),0.16666666666666666,0.32,0.12,0.72,2.25,1.0,0.06666666666666667,2.428571428571428,0.6666666666666666,0.3272727272727272,0.5882352941176471,0.5475
"frozenset({'sepal_length_高', 'sepal_width_中'})","frozenset({'petal_length_高', 'petal_width_高'})",0.16666666666666666,0.2733333333333333,0.12,0.72,2.6341463414634148,1.0,0.07444444444444445,2.595238095238095,0.7444444444444445,0.37500000000000006,0.6146788990825688,0.5795121951219512
frozenset({'sepal_length_高'}),"frozenset({'petal_width_高', 'Iris-virginica'})",0.28,0.30666666666666664,0.2,0.7142857142857143,2.329192546583851,1.0,0.11413333333333334,2.4266666666666667,0.7925925925925926,0.5172413793103449,0.5879120879120879,0.6832298136645963
frozenset({'sepal_length_高'}),"frozenset({'petal_length_高', 'petal_width_高', 'Iris-virginica'})",0.28,0.26666666666666666,0.2,0.7142857142857143,2.678571428571429,1.0,0.12533333333333335,2.566666666666667,0.8703703703703706,0.576923076923077,0.6103896103896104,0.7321428571428572
"frozenset({'petal_width_中', 'sepal_length_中'})","frozenset({'Iris-versicolor', 'sepal_width_低'})",0.23333333333333334,0.22666666666666666,0.16666666666666666,0.7142857142857142,3.1512605042016806,1.0,0.11377777777777777,2.7066666666666657,0.8904347826086957,0.5681818181818181,0.6305418719211822,0.7247899159663864
frozenset({'petal_width_中'}),frozenset({'sepal_width_低'}),0.3466666666666667,0.38,0.24666666666666667,0.7115384615384616,1.8724696356275303,1.0,0.11493333333333333,2.1493333333333333,0.7131825703254274,0.513888888888889,0.5347394540942928,0.6803306342780027
"frozenset({'petal_width_中', 'Iris-versicolor'})",frozenset({'sepal_width_低'}),0.32,0.38,0.22666666666666666,0.7083333333333333,1.864035087719298,1.0,0.10506666666666666,2.125714285714285,0.6816608996539792,0.47887323943661975,0.5295698924731181,0.6524122807017543
"frozenset({'Iris-versicolor', 'sepal_width_低'})","frozenset({'petal_length_中', 'sepal_length_中'})",0.22666666666666666,0.24666666666666667,0.16,0.7058823529411765,2.8616852146263914,1.0,0.1040888888888889,2.5613333333333337,0.8412356321839081,0.5106382978723404,0.6095783446121812,0.6772655007949127
"frozenset({'petal_width_中', 'Iris-versicolor', 'sepal_width_低'})","frozenset({'petal_length_中', 'sepal_length_中'})",0.22666666666666666,0.24666666666666667,0.16,0.7058823529411765,2.8616852146263914,1.0,0.1040888888888889,2.5613333333333337,0.8412356321839081,0.5106382978723404,0.6095783446121812,0.6772655007949127
"frozenset({'Iris-versicolor', 'sepal_width_低'})","frozenset({'petal_width_中', 'petal_length_中', 'sepal_length_中'})",0.22666666666666666,0.20666666666666667,0.16,0.7058823529411765,3.4155597722960156,1.0,0.11315555555555556,2.697333333333334,0.9145114942528736,0.5853658536585367,0.62926347009392,0.7400379506641366
"frozenset({'petal_length_高', 'Iris-virginica'})",frozenset({'sepal_length_高'}),0.29333333333333333,0.28,0.20666666666666667,0.7045454545454546,2.516233766233766,1.0,0.12453333333333333,2.436923076923077,0.8527084601339013,0.5636363636363636,0.5896464646464646,0.7213203463203464
"frozenset({'petal_width_中', 'petal_length_中'})",frozenset({'sepal_width_低'}),0.31333333333333335,0.38,0.22,0.7021276595744681,1.8477043673012319,1.0,0.10093333333333332,2.0814285714285714,0.6681376875551632,0.46478873239436613,0.5195607412491421,0.6405375139977604
"frozenset({'petal_width_中', 'petal_length_中'})","frozenset({'Iris-versicolor', 'sepal_width_低'})",0.31333333333333335,0.22666666666666666,0.22,0.7021276595744681,3.097622027534418,1.0,0.14897777777777776,2.5961904761904764,0.9861724036481317,0.6874999999999999,0.6148202494497432,0.8363579474342929
"frozenset({'petal_width_中', 'Iris-versicolor', 'petal_length_中'})",frozenset({'sepal_width_低'}),0.31333333333333335,0.38,0.22,0.7021276595744681,1.8477043673012319,1.0,0.10093333333333332,2.0814285714285714,0.6681376875551632,0.46478873239436613,0.5195607412491421,0.6405375139977604
